cf1,cf2
0.399,0.000
0.368,0.000
0.327,0.000
0.271,0.000
0.228,0.000
0.177,0.000
0.136,0.000
0.114,0.000
0.099,0.000
0.080,0.009
0.061,0.036
0.053,0.063
0.053,0.075
0.055,0.067
0.060,0.043
0.079,0.015
0.106,0.000
0.122,0.000
0.128,0.000
0.130,0.000
0.129,0.000
0.125,0.000
0.113,0.000
0.099,0.000
0.088,0.000
0.082,0.000
0.086,0.000
0.103,0.000
0.129,0.000
0.151,0.000
0.162,0.000
0.156,0.000
0.150,0.000
0.143,0.007
0.132,0.043
0.119,0.082
0.106,0.101
0.099,0.087
0.103,0.047
0.124,0.019
0.150,0.000
0.166,0.000
0.176,0.000
0.186,0.000
0.192,0.000
0.193,0.000
0.185,0.000
0.175,0.000
0.152,0.000
0.148,0.000
0.137,0.000
0.148,0.000
0.164,0.000
0.184,0.000
0.189,0.000
0.189,0.000
0.196,0.000
0.184,0.014
0.178,0.064
0.193,0.147
0.191,0.294
0.188,0.308
0.193,0.191
0.216,0.079
0.223,0.002
0.237,0.000
0.232,0.000
0.227,0.000
0.217,0.000
0.203,0.000
0.198,0.000
0.217,0.000
0.204,0.000
0.195,0.000
0.203,0.000
0.205,0.000
0.207,0.000
0.209,0.000
0.223,0.000
0.247,0.000
0.268,0.000
0.270,0.053
0.230,0.168
0.203,0.147
0.192,0.131
0.179,0.120
0.169,0.112
0.179,0.073
0.201,0.002
0.221,0.000
0.243,0.000
0.251,0.000
0.238,0.000
0.237,0.000
0.252,0.000
0.269,0.000
0.291,0.000
0.335,0.000
0.354,0.000
0.314,0.000
0.268,0.000
0.259,0.000
0.238,0.000
0.252,0.000
0.255,0.000
0.244,0.005
0.229,0.023
0.223,0.035
0.235,0.034
0.250,0.024
0.291,0.014
0.297,0.006
0.301,0.000
0.302,0.000
0.325,0.000
0.325,0.000
0.319,0.000
0.299,0.000
0.325,0.000
0.321,0.000
0.305,0.000
0.282,0.000
0.260,0.000
0.230,0.000
0.198,0.000
0.158,0.000
0.115,0.000
0.091,0.000
0.098,0.000
0.127,0.005
0.149,0.023
0.162,0.027
0.178,0.036
0.204,0.046
0.262,0.031
0.343,0.010
0.395,0.000
0.412,0.000
0.428,0.000
0.424,0.000
0.435,0.000
0.456,0.000
0.494,0.000
0.565,0.000
0.619,0.000
0.588,0.000
0.616,0.000
0.663,0.000
0.826,0.000
0.867,0.000
0.886,0.000
0.881,0.000
0.864,0.000
0.826,0.005
0.769,0.023
0.692,0.041
0.710,0.055
0.701,0.068
0.689,0.045
0.652,0.014
0.610,0.000
0.548,0.000
0.493,0.000
0.465,0.000
0.452,0.000
0.464,0.000
0.483,0.000
0.506,0.000
0.520,0.000
0.515,0.000
0.499,0.000
0.462,0.000
0.416,0.000
0.353,0.000
0.298,0.000
0.276,0.000
0.272,0.000
0.285,0.000
0.250,0.010
0.207,0.029
0.220,0.048
0.227,0.048
0.227,0.034
0.221,0.014
0.232,0.000
0.221,0.000
0.191,0.000
0.174,0.000
0.155,0.000
0.138,0.000
0.108,0.000
0.078,0.000
0.053,0.000
0.039,0.000
0.028,0.000
0.013,0.000
0.011,0.000
0.014,0.000
0.013,0.000
0.011,0.000
0.007,0.000
0.008,0.038
0.007,0.118
0.003,0.134
0.005,0.112
0.009,0.088
0.022,0.060
0.045,0.037
0.066,0.001
0.081,0.000
0.112,0.000
0.144,0.000
0.203,0.000
0.254,0.000
0.283,0.000
0.281,0.000
0.256,0.000
0.222,0.000
0.192,0.000
0.197,0.000
0.187,0.000
0.185,0.000
0.191,0.000
0.189,0.000
0.194,0.000
0.194,0.011
0.192,0.037
0.174,0.052
0.140,0.056
0.138,0.044
0.146,0.027
0.171,0.010
0.195,0.000
0.198,0.000
0.193,0.000
0.189,0.000
0.184,0.000
0.184,0.000
0.175,0.000
0.163,0.000
0.159,0.000
0.164,0.000
0.170,0.000
0.162,0.000
0.151,0.000
0.151,0.000
0.162,0.000
0.179,0.000
0.198,0.000
0.215,0.022
0.198,0.108
0.164,0.243
0.193,0.359
0.189,0.333
0.184,0.115
0.223,0.047
0.291,0.002
0.331,0.000
0.415,0.000
0.437,0.000
0.487,0.000
0.592,0.000
0.659,0.000
0.659,0.000
0.710,0.000
0.701,0.000
0.709,0.000
0.709,0.000
0.692,0.000
0.674,0.000
0.642,0.000
0.600,0.000
0.618,0.000
0.663,0.004
0.686,0.036
0.752,0.119
0.773,0.131
0.788,0.099
0.778,0.072
0.760,0.031
0.767,0.002
0.797,0.000
0.810,0.000
0.797,0.000
0.728,0.000
0.740,0.000
0.797,0.000
0.855,0.000
0.868,0.000
0.868,0.000
0.862,0.000
0.867,0.000
0.840,0.000
0.829,0.000
0.831,0.000
0.841,0.000
0.854,0.000
0.853,0.008
0.855,0.017
0.860,0.025
0.875,0.033
0.881,0.061
0.875,0.053
0.857,0.016
0.842,0.001
0.828,0.000
0.819,0.000
0.824,0.000
0.802,0.000
0.785,0.000
0.726,0.000
0.692,0.000
0.687,0.000
0.663,0.000
0.606,0.000
0.524,0.000
0.452,0.000
0.386,0.000
0.352,0.000
0.330,0.000
0.301,0.000
0.263,0.110
0.221,0.181
0.213,0.132
0.270,0.076
0.336,0.066
0.373,0.058
0.408,0.023
0.437,0.000
0.470,0.000
0.461,0.000
0.452,0.000
0.453,0.000
0.524,0.000
0.507,0.000
0.489,0.000
0.502,0.000
0.458,0.000
0.580,0.000
0.563,0.000
0.526,0.000
0.545,0.000
0.490,0.000
0.555,0.000
0.588,0.000
0.551,0.003
0.520,0.011
0.524,0.054
0.515,0.117
0.498,0.125
0.537,0.075
0.584,0.024
0.607,0.001
0.660,0.000
0.677,0.000
0.688,0.000
0.702,0.000
0.742,0.000
0.715,0.000
0.643,0.000
0.565,0.000
0.493,0.000
0.505,0.000
0.484,0.000
0.502,0.000
0.569,0.000
0.581,0.000
0.536,0.000
0.496,0.000
0.428,0.027
0.349,0.070
0.262,0.068
0.225,0.079
0.205,0.090
0.214,0.099
0.291,0.049
0.353,0.002
0.425,0.000
0.496,0.000
0.524,0.000
0.572,0.000
0.683,0.000
0.757,0.000
0.704,0.000
0.616,0.000
0.546,0.000
0.502,0.000
0.449,0.000
0.413,0.000
0.400,0.000
0.389,0.000
0.359,0.000
0.277,0.001
0.186,0.077
0.108,0.068
0.046,0.064
0.021,0.060
0.017,0.072
0.010,0.036
0.035,0.011
0.087,0.000
0.135,0.000
0.191,0.000
0.262,0.000
0.325,0.000
0.367,0.000
0.407,0.000
0.441,0.000
0.490,0.000
0.548,0.000
0.619,0.000
0.694,0.000
0.718,0.000
0.742,0.000
0.722,0.000
0.704,0.000
0.532,0.000
0.385,0.038
0.283,0.076
0.234,0.091
0.203,0.082
0.200,0.064
0.196,0.047
0.237,0.024
0.289,0.000
0.311,0.000
0.286,0.000
0.268,0.000
0.262,0.000
0.252,0.000
0.218,0.000
0.181,0.000
0.163,0.000
0.149,0.000
0.128,0.000
0.109,0.000
0.092,0.000
0.081,0.000
0.073,0.000
0.066,0.000
0.062,0.000
0.059,0.031
0.056,0.072
0.052,0.091
0.048,0.094
0.044,0.090
0.041,0.054
0.041,0.019
0.048,0.000
0.055,0.000
0.060,0.000
0.058,0.000
0.050,0.000
0.038,0.000
0.025,0.000
0.017,0.000
0.022,0.000
0.054,0.000
0.138,0.000
0.296,0.000
0.472,0.000
0.581,0.000
0.604,0.000
0.553,0.000
0.468,0.001
0.440,0.120
0.437,0.275
0.433,0.370
0.413,0.415
0.365,0.264
0.319,0.155
0.297,0.086
0.253,0.015
0.210,0.000
0.174,0.000
0.148,0.000
0.125,0.000
0.104,0.000
0.091,0.000
0.094,0.000
0.119,0.000
0.169,0.000
0.235,0.000
0.316,0.000
0.366,0.000
0.376,0.000
0.395,0.000
0.441,0.000
0.505,0.000
0.563,0.006
0.655,0.011
0.745,0.022
0.791,0.030
0.859,0.025
0.845,0.011
0.710,0.005
0.663,0.006
0.590,0.000
0.535,0.000
0.501,0.000
0.593,0.000
0.616,0.000
0.578,0.000
0.536,0.000
0.520,0.000
0.425,0.000
0.365,0.000
0.327,0.000
0.325,0.000
0.381,0.000
0.517,0.000
0.578,0.000
0.543,0.000
0.512,0.004
0.474,0.022
0.447,0.035
0.435,0.050
0.396,0.052
0.345,0.035
0.389,0.016
0.398,0.001
0.424,0.000
0.422,0.000
0.416,0.000
0.440,0.000
0.464,0.000
0.480,0.000
0.471,0.000
0.462,0.000
0.435,0.000
0.387,0.000
0.374,0.000
0.341,0.000
0.308,0.000
0.272,0.000
0.244,0.000
0.240,0.000
0.245,0.019
0.202,0.038
0.153,0.043
0.148,0.038
0.145,0.021
0.139,0.008
0.122,0.002
0.101,0.000
0.101,0.000
0.103,0.000
0.122,0.000
0.135,0.000
0.145,0.000
0.154,0.000
0.170,0.000
0.205,0.000
0.245,0.000
0.244,0.000
0.227,0.000
0.225,0.000
0.192,0.000
0.169,0.000
0.124,0.000
0.095,0.000
0.105,0.026
0.146,0.092
0.247,0.161
0.374,0.170
0.529,0.075
0.680,0.081
0.732,0.052
0.692,0.006
0.642,0.000
0.593,0.000
0.545,0.000
0.555,0.000
0.577,0.000
0.594,0.000
0.610,0.000
0.624,0.000
0.633,0.000
0.652,0.000
0.654,0.000
0.647,0.000
0.668,0.000
0.622,0.000
0.687,0.000
0.696,0.002
0.689,0.071
0.643,0.152
0.608,0.187
0.584,0.166
0.629,0.139
0.644,0.120
0.597,0.061
0.614,0.008
0.633,0.000
0.674,0.000
0.653,0.000
0.600,0.000
0.622,0.000
0.624,0.000
0.598,0.000
0.558,0.000
0.624,0.000
0.657,0.000
0.692,0.000
0.730,0.000
0.731,0.000
0.729,0.000
0.749,0.000
0.787,0.000
0.797,0.032
0.751,0.252
0.680,0.215
0.671,0.099
0.616,0.192
0.471,0.114
0.319,0.031
0.307,0.005
0.466,0.000
0.743,0.000
0.964,0.000
0.990,0.000
0.989,0.000
0.983,0.000
0.975,0.000
0.968,0.000
0.969,0.000
0.966,0.000
0.963,0.000
0.947,0.000
0.928,0.000
0.902,0.000
0.887,0.000
0.853,0.001
0.721,0.060
0.627,0.075
0.575,0.090
0.538,0.131
0.498,0.106
0.440,0.070
0.365,0.034
0.305,0.003
0.242,0.000
0.205,0.000
0.181,0.000
0.159,0.000
0.150,0.000
0.142,0.000
0.123,0.000
0.103,0.000
0.099,0.000
0.102,0.000
0.095,0.000
0.085,0.000
0.087,0.000
0.090,0.000
0.098,0.000
0.110,0.004
0.124,0.042
0.112,0.075
0.146,0.153
0.268,0.244
0.362,0.353
0.407,0.205
0.398,0.098
0.437,0.008
0.465,0.000
0.487,0.000
0.475,0.000
0.432,0.000
0.371,0.000
0.319,0.000
0.291,0.000
0.268,0.000
0.283,0.000
0.242,0.000
0.228,0.000
0.235,0.000
0.280,0.000
0.348,0.000
0.435,0.000
0.495,0.003
0.463,0.053
0.418,0.090
0.448,0.090
0.486,0.122
0.481,0.091
0.462,0.079
0.448,0.047
0.441,0.008
0.444,0.000
0.415,0.000
0.416,0.000
0.382,0.000
0.362,0.000
0.366,0.000
0.350,0.000
0.319,0.000
0.287,0.000
0.255,0.000
0.215,0.000
0.170,0.000
0.177,0.000
0.271,0.000
0.305,0.000
0.294,0.005
0.258,0.077
0.186,0.188
0.136,0.302
0.155,0.363
0.151,0.397
0.117,0.314
0.079,0.216
0.064,0.061
0.054,0.000
0.043,0.000
0.043,0.000
0.072,0.000
0.123,0.000
0.153,0.000
0.150,0.000
0.178,0.000
0.212,0.000
0.231,0.000
0.269,0.000
0.319,0.000
0.380,0.000
0.445,0.000
0.498,0.000
0.560,0.000
0.588,0.025
0.606,0.123
0.675,0.256
0.715,0.294
0.756,0.248
0.779,0.169
0.772,0.096
0.748,0.021
0.700,0.000
0.641,0.000
0.595,0.000
0.542,0.000
0.527,0.000
0.504,0.000
0.453,0.000
0.440,0.000
0.435,0.000
0.432,0.000
0.417,0.000
0.400,0.000
0.373,0.000
0.344,0.000
0.316,0.000
0.298,0.018
0.241,0.207
0.177,0.463
0.181,0.573
0.242,0.608
0.250,0.588
0.272,0.470
0.332,0.214
0.400,0.034
0.462,0.000
0.478,0.000
0.476,0.000
0.471,0.000
0.469,0.000
0.462,0.000
0.447,0.000
0.411,0.000
0.406,0.000
0.397,0.000
0.377,0.000
0.350,0.000
0.314,0.000
0.289,0.000
0.253,0.000
0.223,0.018
0.182,0.135
0.120,0.232
0.089,0.277
0.096,0.318
0.094,0.354
0.081,0.292
0.084,0.154
0.090,0.044
0.092,0.000
0.113,0.000
0.137,0.000
0.139,0.000
0.154,0.000
0.198,0.000
0.250,0.000
0.294,0.000
0.316,0.000
0.319,0.000
0.336,0.000
0.381,0.000
0.425,0.000
0.572,0.000
0.584,0.000
0.423,0.002
0.362,0.039
0.269,0.116
0.172,0.123
0.089,0.133
0.042,0.100
0.052,0.078
0.145,0.057
0.297,0.011
0.433,0.000
0.502,0.000
0.539,0.000
0.649,0.000
0.717,0.000
0.824,0.000
0.779,0.000
0.721,0.000
0.684,0.000
0.862,0.000
0.886,0.000
0.838,0.000
0.756,0.000
0.674,0.000
0.571,0.000
0.421,0.058
0.316,0.299
0.229,0.470
0.190,0.566
0.214,0.475
0.197,0.300
0.151,0.196
0.122,0.125
0.107,0.078
0.076,0.000
0.049,0.000
0.032,0.000
0.035,0.000
0.074,0.000
0.167,0.000
0.286,0.000
0.404,0.000
0.468,0.000
0.484,0.000
0.483,0.000
0.537,0.000
0.593,0.000
0.646,0.000
0.699,0.000
0.771,0.000
0.814,0.006
0.909,0.023
0.941,0.105
0.933,0.193
0.869,0.215
0.840,0.203
0.854,0.177
0.808,0.081
0.682,0.000
0.664,0.000
0.663,0.000
0.620,0.000
0.583,0.000
0.554,0.000
0.520,0.000
0.517,0.000
0.520,0.000
0.515,0.000
0.524,0.000
0.476,0.000
0.419,0.000
0.490,0.000
0.462,0.000
0.423,0.001
0.441,0.032
0.520,0.153
0.594,0.227
0.585,0.236
0.586,0.173
0.560,0.109
0.466,0.041
0.297,0.006
0.223,0.000
0.235,0.000
0.278,0.000
0.291,0.000
0.255,0.000
0.173,0.000
0.042,0.000
0.198,0.000
0.428,0.000
0.560,0.000
0.575,0.000
0.527,0.000
0.525,0.000
0.557,0.000
0.553,0.000
0.508,0.014
0.421,0.072
0.404,0.081
0.456,0.067
0.525,0.052
0.536,0.027
0.475,0.021
0.428,0.007
0.431,0.001
0.395,0.000
0.371,0.000
0.404,0.000
0.471,0.000
0.554,0.000
0.649,0.000
0.749,0.000
0.797,0.000
0.829,0.000
0.847,0.000
0.876,0.000
0.905,0.000
0.936,0.000
0.956,0.000
0.972,0.000
0.985,0.014
0.989,0.060
0.986,0.071
0.986,0.051
0.989,0.054
0.989,0.074
0.987,0.083
0.980,0.077
0.973,0.037
0.972,0.000
0.971,0.000
0.977,0.000
0.985,0.000
0.990,0.000
0.989,0.000
0.988,0.000
0.989,0.000
0.990,0.000
0.988,0.000
0.981,0.000
0.960,0.000
0.920,0.000
0.853,0.000
0.752,0.000
0.653,0.028
0.533,0.133
0.468,0.205
0.474,0.221
0.467,0.184
0.444,0.136
0.365,0.085
0.310,0.044
0.275,0.015
0.252,0.000
0.228,0.000
0.212,0.000
0.189,0.000
0.158,0.000
0.136,0.000
0.126,0.000
0.134,0.000
0.165,0.000
0.227,0.000
0.325,0.000
0.414,0.000
0.459,0.000
0.469,0.000
0.504,0.000
0.557,0.028
0.548,0.083
0.583,0.099
0.673,0.127
0.827,0.151
0.881,0.209
0.895,0.193
0.894,0.180
0.877,0.097
0.788,0.001
0.696,0.000
0.655,0.000
0.619,0.000
0.585,0.000
0.530,0.000
0.470,0.000
0.428,0.000
0.364,0.000
0.313,0.000
0.239,0.000
0.153,0.000
0.087,0.000
0.034,0.000
0.017,0.000
0.034,0.004
0.086,0.051
0.114,0.148
0.140,0.187
0.171,0.228
0.199,0.284
0.240,0.279
0.265,0.205
0.319,0.087
0.401,0.001
0.456,0.000
0.503,0.000
0.551,0.000
0.551,0.000
0.578,0.000
0.584,0.000
0.600,0.000
0.649,0.000
0.721,0.000
0.733,0.000
0.756,0.000
0.775,0.000
0.762,0.000
0.771,0.000
0.784,0.002
0.797,0.009
0.704,0.022
0.605,0.035
0.571,0.046
0.559,0.042
0.517,0.030
0.411,0.015
0.292,0.003
0.252,0.000
0.310,0.000
0.368,0.000
0.431,0.000
0.557,0.000
0.695,0.000
0.712,0.000
0.745,0.000
0.793,0.000
0.810,0.000
0.806,0.000
0.792,0.000
0.778,0.000
0.775,0.000
0.776,0.000
0.779,0.015
0.769,0.088
0.768,0.217
0.793,0.287
0.817,0.298
0.817,0.252
0.813,0.152
0.806,0.071
0.797,0.024
0.786,0.000
0.778,0.000
0.775,0.000
0.762,0.000
0.752,0.000
0.714,0.000
0.712,0.000
0.663,0.000
0.614,0.000
0.598,0.000
0.616,0.000
0.616,0.000
0.605,0.000
0.595,0.000
0.589,0.000
0.560,0.038
0.551,0.131
0.564,0.328
0.600,0.516
0.615,0.566
0.616,0.551
0.625,0.482
0.641,0.344
0.655,0.152
0.634,0.006
0.624,0.000
0.619,0.000
0.586,0.000
0.563,0.000
0.580,0.000
0.593,0.000
0.600,0.000
0.633,0.000
0.650,0.000
0.659,0.000
0.638,0.000
0.654,0.000
0.665,0.000
0.671,0.019
0.676,0.032
0.674,0.093
0.667,0.108
0.694,0.092
0.735,0.081
0.755,0.069
0.770,0.066
0.740,0.049
0.733,0.026
0.735,0.000
0.768,0.000
0.798,0.000
0.772,0.000
0.785,0.000
0.809,0.000
0.793,0.000
0.764,0.000
0.732,0.000
0.686,0.000
0.627,0.000
0.560,0.000
0.520,0.000
0.481,0.000
0.464,0.000
0.485,0.016
0.520,0.054
0.640,0.183
0.691,0.124
0.762,0.077
0.818,0.056
0.804,0.039
0.772,0.019
0.764,0.006
0.772,0.000
0.763,0.000
0.733,0.000
0.779,0.000
0.814,0.000
0.840,0.000
0.882,0.000
0.895,0.000
0.888,0.000
0.881,0.000
0.847,0.000
0.807,0.000
0.775,0.000
0.770,0.000
0.762,0.000
0.731,0.033
0.726,0.090
0.775,0.159
0.836,0.272
0.883,0.370
0.899,0.139
0.897,0.192
0.889,0.157
0.867,0.073
0.840,0.004
0.824,0.000
0.817,0.000
0.806,0.000
0.798,0.000
0.791,0.000
0.754,0.000
0.705,0.000
0.674,0.000
0.682,0.000
0.714,0.000
0.700,0.000
0.720,0.000
0.731,0.000
0.694,0.000
0.704,0.012
0.650,0.040
0.601,0.067
0.569,0.214
0.616,0.358
0.652,0.420
0.650,0.394
0.641,0.259
0.604,0.105
0.545,0.006
0.450,0.000
0.433,0.000
0.469,0.000
0.472,0.000
0.421,0.000
0.374,0.000
0.377,0.000
0.383,0.000
0.358,0.000
0.325,0.000
0.301,0.000
0.286,0.000
0.283,0.000
0.308,0.000
0.364,0.004
0.432,0.016
0.483,0.045
0.613,0.051
0.765,0.037
0.837,0.026
0.869,0.017
0.881,0.010
0.870,0.003
0.855,0.000
0.850,0.000
0.827,0.000
0.791,0.000
0.782,0.000
0.746,0.000
0.752,0.000
0.747,0.000
0.750,0.000
0.755,0.000
0.754,0.000
0.763,0.000
0.774,0.000
0.781,0.000
0.776,0.000
0.783,0.022
0.758,0.099
0.719,0.183
0.650,0.280
0.550,0.237
0.563,0.232
0.470,0.129
0.395,0.051
0.410,0.018
0.456,0.002
0.547,0.000
0.596,0.000
0.661,0.000
0.698,0.000
0.723,0.000
0.713,0.000
0.712,0.000
0.678,0.000
0.560,0.000
0.536,0.000
0.548,0.000
0.548,0.000
0.546,0.000
0.548,0.000
0.542,0.016
0.547,0.055
0.668,0.104
0.749,0.146
0.776,0.328
0.781,0.334
0.765,0.204
0.753,0.092
0.747,0.037
0.770,0.001
0.788,0.000
0.786,0.000
0.794,0.000
0.818,0.000
0.856,0.000
0.897,0.000
0.921,0.000
0.934,0.000
0.940,0.000
0.943,0.000
0.930,0.000
0.902,0.000
0.817,0.000
0.746,0.000
0.653,0.008
0.618,0.021
0.671,0.030
0.740,0.067
0.791,0.078
0.804,0.133
0.857,0.290
0.890,0.155
0.902,0.026
0.892,0.002
0.882,0.000
0.889,0.000
0.890,0.000
0.898,0.000
0.912,0.000
0.919,0.000
0.924,0.000
0.932,0.000
0.938,0.000
0.935,0.000
0.919,0.000
0.889,0.000
0.838,0.000
0.774,0.000
0.696,0.034
0.692,0.109
0.616,0.148
0.598,0.453
0.636,0.618
0.663,0.606
0.656,0.538
0.575,0.400
0.453,0.205
0.380,0.023
0.284,0.000
0.241,0.000
0.225,0.000
0.209,0.000
0.217,0.000
0.262,0.000
0.308,0.000
0.342,0.000
0.373,0.000
0.387,0.000
0.394,0.000
0.374,0.000
0.423,0.000
0.465,0.000
0.549,0.054
0.599,0.156
0.652,0.155
0.630,0.203
0.696,0.199
0.683,0.164
0.633,0.094
0.601,0.108
0.629,0.094
0.658,0.015
0.629,0.000
0.565,0.000
0.557,0.000
0.538,0.000
0.501,0.000
0.455,0.000
0.415,0.000
0.395,0.000
0.402,0.000
0.407,0.000
0.407,0.000
0.426,0.000
0.451,0.000
0.451,0.002
0.462,0.074
0.399,0.209
0.370,0.398
0.411,0.451
0.518,0.478
0.557,0.505
0.552,0.450
0.581,0.323
0.612,0.159
0.636,0.023
0.622,0.000
0.613,0.000
0.560,0.000
0.507,0.000
0.440,0.000
0.395,0.000
0.322,0.000
0.242,0.000
0.170,0.000
0.138,0.000
0.119,0.000
0.100,0.000
0.094,0.000
0.096,0.001
0.084,0.048
0.064,0.147
0.051,0.257
0.062,0.383
0.083,0.477
0.103,0.504
0.134,0.432
0.154,0.297
0.202,0.132
0.300,0.012
0.376,0.000
0.413,0.000
0.411,0.000
0.390,0.000
0.362,0.000
0.333,0.000
0.305,0.000
0.263,0.000
0.228,0.000
0.212,0.000
0.198,0.000
0.168,0.000
0.131,0.000
0.099,0.003
0.078,0.094
0.070,0.257
0.072,0.421
0.061,0.498
0.049,0.416
0.042,0.263
0.040,0.154
0.041,0.136
0.051,0.114
0.082,0.023
0.126,0.000
0.176,0.000
0.229,0.000
0.266,0.000
0.268,0.000
0.215,0.000
0.155,0.000
0.118,0.000
0.097,0.000
0.092,0.000
0.087,0.000
0.075,0.000
0.068,0.000
0.066,0.001
0.056,0.076
0.045,0.237
0.041,0.329
0.043,0.322
0.054,0.213
0.084,0.130
0.112,0.169
0.128,0.212
0.154,0.125
0.166,0.030
0.167,0.000
0.146,0.000
0.114,0.000
0.131,0.000
0.189,0.000
0.232,0.000
0.237,0.000
0.223,0.000
0.180,0.000
0.150,0.000
0.148,0.000
0.129,0.000
0.138,0.000
0.171,0.000
0.214,0.021
0.272,0.040
0.345,0.073
0.385,0.092
0.377,0.087
0.404,0.059
0.462,0.050
0.462,0.042
0.366,0.029
0.283,0.006
0.258,0.000
0.196,0.000
0.128,0.000
0.133,0.000
0.206,0.000
0.204,0.000
0.112,0.000
0.068,0.000
0.057,0.000
0.120,0.000
0.280,0.000
0.352,0.000
0.429,0.000
0.598,0.000
0.783,0.005
0.903,0.013
0.959,0.021
0.962,0.036
0.938,0.096
0.952,0.275
0.951,0.499
0.954,0.391
0.967,0.188
0.972,0.034
0.975,0.000
0.981,0.000
0.983,0.000
0.980,0.000
0.977,0.000
0.971,0.000
0.960,0.000
0.942,0.000
0.919,0.000
0.897,0.000
0.852,0.000
0.779,0.000
0.690,0.000
0.571,0.000
0.373,0.013
0.241,0.035
0.163,0.061
0.100,0.065
0.046,0.087
0.020,0.120
0.031,0.104
0.072,0.087
0.113,0.037
0.181,0.004
0.312,0.000
0.456,0.000
0.570,0.000
0.593,0.000
0.557,0.000
0.523,0.000
0.469,0.000
0.398,0.000
0.333,0.000
0.276,0.000
0.218,0.000
0.193,0.000
0.194,0.000
0.176,0.005
0.157,0.066
0.169,0.156
0.241,0.214
0.332,0.293
0.363,0.253
0.345,0.176
0.314,0.151
0.336,0.146
0.418,0.116
0.471,0.022
0.510,0.000
0.516,0.000
0.560,0.000
0.570,0.000
0.523,0.000
0.481,0.000
0.457,0.000
0.422,0.000
0.462,0.000
0.491,0.000
0.599,0.000
0.703,0.000
0.757,0.000
0.791,0.002
0.768,0.028
0.713,0.065
0.594,0.098
0.562,0.094
0.462,0.101
0.314,0.102
0.223,0.077
0.181,0.042
0.136,0.012
0.123,0.000
0.130,0.000
0.165,0.000
0.214,0.000
0.268,0.000
0.345,0.000
0.458,0.000
0.587,0.000
0.709,0.000
0.837,0.000
0.819,0.000
0.693,0.000
0.447,0.000
0.246,0.000
0.150,0.000
0.094,0.016
0.054,0.064
0.052,0.160
0.095,0.197
0.203,0.277
0.408,0.337
0.644,0.347
0.746,0.283
0.806,0.135
0.842,0.021
0.859,0.000
0.860,0.000
0.854,0.000
0.842,0.000
0.839,0.000
0.844,0.000
0.853,0.000
0.864,0.000
0.878,0.000
0.886,0.000
0.882,0.000
0.869,0.000
0.861,0.000
0.854,0.010
0.840,0.109
0.842,0.252
0.841,0.419
0.829,0.579
0.839,0.631
0.835,0.628
0.787,0.555
0.695,0.418
0.616,0.238
0.561,0.062
0.477,0.000
0.423,0.000
0.371,0.000
0.283,0.000
0.202,0.000
0.126,0.000
0.112,0.000
0.143,0.000
0.239,0.000
0.360,0.000
0.404,0.000
0.341,0.000
0.305,0.000
0.311,0.002
0.336,0.017
0.397,0.027
0.502,0.025
0.498,0.033
0.520,0.207
0.517,0.487
0.535,0.510
0.851,0.443
0.948,0.250
0.906,0.067
0.880,0.000
0.866,0.000
0.828,0.000
0.804,0.000
0.789,0.000
0.783,0.000
0.751,0.000
0.657,0.000
0.459,0.000
0.415,0.000
0.465,0.000
0.439,0.000
0.537,0.000
0.628,0.008
0.716,0.043
0.776,0.162
0.845,0.345
0.879,0.485
0.863,0.499
0.817,0.395
0.735,0.193
0.618,0.064
0.491,0.036
0.297,0.017
0.162,0.000
0.128,0.000
0.158,0.000
0.200,0.000
0.199,0.000
0.175,0.000
0.156,0.000
0.168,0.000
0.235,0.000
0.339,0.000
0.387,0.000
0.709,0.000
0.943,0.000
0.961,0.012
0.965,0.074
0.959,0.136
0.966,0.164
0.968,0.177
0.951,0.211
0.919,0.294
0.903,0.330
0.889,0.213
0.877,0.124
0.864,0.033
0.851,0.000
0.837,0.000
0.837,0.000
0.835,0.000
0.834,0.000
0.817,0.000
0.806,0.000
0.808,0.000
0.774,0.000
0.731,0.000
0.624,0.000
0.524,0.000
0.413,0.000
0.337,0.021
0.238,0.073
0.176,0.191
0.270,0.288
0.407,0.217
0.567,0.261
0.704,0.188
0.793,0.112
0.868,0.073
0.929,0.025
0.965,0.000
0.983,0.000
0.985,0.000
0.981,0.000
0.956,0.000
0.890,0.000
0.841,0.000
0.705,0.000
0.762,0.000
0.797,0.000
0.805,0.000
0.797,0.000
0.769,0.000
0.765,0.000
0.781,0.006
0.777,0.090
0.785,0.172
0.861,0.209
0.932,0.239
0.969,0.301
0.982,0.286
0.988,0.368
0.989,0.311
0.984,0.181
0.975,0.056
0.973,0.000
0.976,0.000
0.980,0.000
0.984,0.000
0.988,0.000
0.990,0.000
0.989,0.000
0.988,0.000
0.986,0.000
0.984,0.000
0.978,0.000
0.966,0.000
0.955,0.000
0.943,0.019
0.926,0.088
0.902,0.183
0.917,0.238
0.917,0.196
0.873,0.429
0.819,0.423
0.772,0.186
0.677,0.065
0.646,0.041
0.704,0.009
0.790,0.000
0.857,0.000
0.897,0.000
0.917,0.000
0.928,0.000
0.940,0.000
0.957,0.000
0.967,0.000
0.969,0.000
0.966,0.000
0.960,0.000
0.951,0.000
0.928,0.000
0.883,0.003
0.819,0.032
0.787,0.073
0.831,0.077
0.832,0.111
0.832,0.138
0.805,0.109
0.757,0.067
0.644,0.031
0.551,0.034
0.413,0.019
0.282,0.000
0.173,0.000
0.157,0.000
0.226,0.000
0.524,0.000
0.837,0.000
0.892,0.000
0.905,0.000
0.926,0.000
0.924,0.000
0.923,0.000
0.913,0.000
0.884,0.000
0.849,0.010
0.835,0.057
0.851,0.159
0.872,0.270
0.849,0.346
0.820,0.338
0.779,0.234
0.707,0.141
0.605,0.090
0.469,0.035
0.345,0.005
0.265,0.000
0.211,0.000
0.162,0.000
0.113,0.000
0.077,0.000
0.080,0.000
0.124,0.000
0.193,0.000
0.242,0.000
0.238,0.000
0.241,0.000
0.305,0.000
0.323,0.000
0.293,0.002
0.341,0.023
0.313,0.045
0.366,0.068
0.407,0.071
0.459,0.069
0.518,0.065
0.593,0.141
0.625,0.182
0.557,0.093
0.535,0.034
0.531,0.000
0.498,0.000
0.485,0.000
0.478,0.000
0.543,0.000
0.582,0.000
0.661,0.000
0.682,0.000
0.666,0.000
0.606,0.000
0.548,0.000
0.560,0.000
0.586,0.000
0.626,0.030
0.638,0.132
0.679,0.275
0.753,0.476
0.812,0.577
0.837,0.613
0.819,0.597
0.788,0.551
0.738,0.449
0.652,0.216
0.536,0.077
0.481,0.002
0.484,0.000
0.465,0.000
0.431,0.000
0.370,0.000
0.357,0.000
0.339,0.000
0.325,0.000
0.325,0.000
0.327,0.000
0.329,0.000
0.370,0.000
0.327,0.000
0.336,0.005
0.345,0.055
0.357,0.139
0.540,0.299
0.644,0.423
0.635,0.483
0.539,0.483
0.469,0.359
0.407,0.249
0.326,0.131
0.299,0.046
0.276,0.001
0.292,0.000
0.276,0.000
0.262,0.000
0.252,0.000
0.218,0.000
0.197,0.000
0.199,0.000
0.212,0.000
0.252,0.000
0.307,0.000
0.440,0.000
0.514,0.000
0.462,0.008
0.388,0.046
0.310,0.130
0.327,0.331
0.447,0.562
0.484,0.657
0.447,0.607
0.379,0.556
0.298,0.466
0.243,0.295
0.206,0.095
0.221,0.003
0.262,0.000
0.280,0.000
0.273,0.000
0.260,0.000
0.234,0.000
0.252,0.000
0.268,0.000
0.274,0.000
0.262,0.000
0.246,0.000
0.242,0.000
0.261,0.000
0.267,0.015
0.260,0.064
0.248,0.106
0.320,0.125
0.392,0.132
0.483,0.168
0.580,0.278
0.624,0.336
0.656,0.263
0.624,0.179
0.656,0.063
0.654,0.003
0.617,0.000
0.587,0.000
0.578,0.000
0.636,0.000
0.607,0.000
0.563,0.000
0.553,0.000
0.503,0.000
0.490,0.000
0.466,0.000
0.406,0.000
0.345,0.000
0.302,0.017
0.262,0.062
0.242,0.114
0.260,0.187
0.278,0.199
0.281,0.230
0.325,0.187
0.341,0.182
0.292,0.141
0.276,0.087
0.315,0.039
0.368,0.002
0.408,0.000
0.447,0.000
0.533,0.000
0.628,0.000
0.706,0.000
0.785,0.000
0.843,0.000
0.884,0.000
0.926,0.000
0.931,0.000
0.919,0.000
0.896,0.000
0.858,0.001
0.769,0.009
0.652,0.063
0.654,0.152
0.692,0.223
0.703,0.228
0.720,0.264
0.747,0.298
0.763,0.350
0.747,0.220
0.676,0.111
0.599,0.010
0.570,0.000
0.593,0.000
0.623,0.000
0.618,0.000
0.581,0.000
0.532,0.000
0.510,0.000
0.471,0.000
0.404,0.000
0.351,0.000
0.315,0.000
0.256,0.000
0.182,0.015
0.115,0.069
0.097,0.157
0.088,0.263
0.086,0.297
0.097,0.234
0.116,0.218
0.131,0.189
0.126,0.138
0.123,0.079
0.129,0.026
0.166,0.001
0.214,0.000
0.238,0.000
0.280,0.000
0.325,0.000
0.369,0.000
0.417,0.000
0.442,0.000
0.441,0.000
0.481,0.000
0.532,0.000
0.549,0.000
0.537,0.000
0.578,0.055
0.552,0.172
0.668,0.314
0.796,0.394
0.824,0.496
0.838,0.567
0.855,0.527
0.836,0.427
0.749,0.328
0.693,0.220
0.655,0.099
0.601,0.009
0.493,0.000
0.407,0.000
0.395,0.000
0.413,0.000
0.425,0.000
0.407,0.000
0.387,0.000
0.381,0.000
0.372,0.000
0.328,0.000
0.276,0.000
0.230,0.000
0.174,0.054
0.109,0.216
0.094,0.400
0.082,0.566
0.083,0.682
0.086,0.742
0.090,0.728
0.090,0.660
0.084,0.529
0.077,0.341
0.068,0.154
0.056,0.017
0.034,0.000
0.018,0.000
0.019,0.000
0.038,0.000
0.070,0.000
0.109,0.000
0.139,0.000
0.158,0.000
0.162,0.000
0.163,0.000
0.180,0.000
0.198,0.001
0.186,0.098
0.177,0.277
0.241,0.449
0.284,0.616
0.295,0.717
0.308,0.754
0.308,0.738
0.296,0.674
0.272,0.557
0.249,0.387
0.224,0.164
0.218,0.013
0.209,0.000
0.196,0.000
0.205,0.000
0.226,0.000
0.248,0.000
0.258,0.000
0.267,0.000
0.286,0.000
0.284,0.000
0.287,0.000
0.276,0.000
0.268,0.001
0.250,0.055
0.220,0.150
0.209,0.266
0.232,0.518
0.283,0.649
0.278,0.736
0.257,0.734
0.228,0.674
0.196,0.562
0.171,0.397
0.174,0.194
0.203,0.023
0.207,0.000
0.193,0.000
0.180,0.000
0.177,0.000
0.193,0.000
0.225,0.000
0.265,0.000
0.296,0.000
0.295,0.000
0.256,0.000
0.217,0.000
0.193,0.001
0.151,0.091
0.142,0.272
0.174,0.510
0.267,0.641
0.391,0.733
0.435,0.764
0.434,0.746
0.436,0.680
0.437,0.564
0.419,0.398
0.418,0.196
0.449,0.024
0.462,0.000
0.464,0.000
0.495,0.000
0.496,0.000
0.481,0.000
0.478,0.000
0.423,0.000
0.327,0.000
0.332,0.000
0.355,0.000
0.291,0.000
0.294,0.000
0.258,0.022
0.257,0.061
0.314,0.176
0.330,0.298
0.332,0.380
0.327,0.542
0.308,0.584
0.279,0.545
0.235,0.442
0.177,0.291
0.163,0.115
0.174,0.012
0.191,0.000
0.203,0.000
0.207,0.000
0.199,0.000
0.202,0.000
0.198,0.000
0.190,0.000
0.199,0.000
0.189,0.000
0.171,0.000
0.136,0.000
0.099,0.000
0.080,0.031
0.079,0.097
0.110,0.199
0.144,0.321
0.191,0.464
0.239,0.525
0.271,0.534
0.288,0.428
0.297,0.310
0.294,0.185
0.262,0.075
0.262,0.010
0.303,0.000
0.305,0.000
0.293,0.000
0.275,0.000
0.260,0.000
0.243,0.000
0.228,0.000
0.215,0.000
0.211,0.000
0.215,0.000
0.231,0.000
0.246,0.002
0.215,0.067
0.154,0.212
0.184,0.402
0.165,0.576
0.135,0.675
0.112,0.719
0.095,0.708
0.087,0.649
0.088,0.537
0.099,0.359
0.112,0.179
0.151,0.024
0.198,0.000
0.218,0.000
0.233,0.000
0.225,0.000
0.202,0.000
0.183,0.000
0.168,0.000
0.169,0.000
0.165,0.000
0.174,0.000
0.181,0.000
0.187,0.004
0.157,0.086
0.133,0.271
0.152,0.482
0.209,0.606
0.301,0.629
0.374,0.472
0.425,0.263
0.453,0.171
0.401,0.117
0.326,0.074
0.295,0.047
0.295,0.009
0.289,0.000
0.291,0.000
0.308,0.000
0.339,0.000
0.383,0.000
0.407,0.000
0.426,0.000
0.416,0.000
0.422,0.000
0.447,0.000
0.408,0.000
0.403,0.001
0.420,0.046
0.431,0.115
0.502,0.234
0.595,0.285
0.608,0.267
0.612,0.310
0.700,0.322
0.764,0.332
0.745,0.260
0.654,0.148
0.549,0.068
0.520,0.013
0.508,0.000
0.474,0.000
0.527,0.000
0.590,0.000
0.622,0.000
0.625,0.000
0.616,0.000
0.616,0.000
0.643,0.000
0.692,0.000
0.724,0.000
0.710,0.005
0.664,0.088
0.733,0.229
0.848,0.380
0.902,0.434
0.932,0.498
0.946,0.475
0.954,0.509
0.950,0.419
0.932,0.345
0.912,0.291
0.891,0.156
0.846,0.027
0.751,0.000
0.601,0.000
0.461,0.000
0.440,0.000
0.404,0.000
0.395,0.000
0.385,0.000
0.408,0.000
0.438,0.000
0.417,0.000
0.362,0.000
0.319,0.007
0.302,0.080
0.319,0.198
0.360,0.395
0.397,0.563
0.399,0.607
0.371,0.556
0.321,0.488
0.273,0.401
0.253,0.323
0.263,0.226
0.280,0.114
0.362,0.019
0.449,0.000
0.471,0.000
0.403,0.000
0.318,0.000
0.313,0.000
0.344,0.000
0.339,0.000
0.341,0.000
0.368,0.000
0.431,0.000
0.456,0.000
0.448,0.008
0.387,0.131
0.316,0.304
0.248,0.456
0.193,0.563
0.135,0.618
0.101,0.614
0.068,0.571
0.049,0.536
0.051,0.473
0.062,0.365
0.071,0.185
0.108,0.037
0.166,0.000
0.223,0.000
0.265,0.000
0.269,0.000
0.336,0.000
0.327,0.000
0.262,0.000
0.266,0.000
0.299,0.000
0.308,0.000
0.350,0.000
0.357,0.003
0.351,0.052
0.401,0.155
0.415,0.332
0.384,0.492
0.341,0.554
0.284,0.566
0.225,0.579
0.181,0.541
0.142,0.416
0.119,0.274
0.108,0.159
0.122,0.040
0.146,0.000
0.160,0.000
0.158,0.000
0.136,0.000
0.108,0.000
0.089,0.000
0.081,0.000
0.082,0.000
0.086,0.000
0.090,0.000
0.096,0.000
0.105,0.011
0.100,0.134
0.123,0.324
0.165,0.503
0.193,0.617
0.200,0.658
0.198,0.692
0.202,0.658
0.216,0.529
0.233,0.343
0.244,0.165
0.238,0.054
0.245,0.008
0.297,0.000
0.291,0.000
0.259,0.000
0.230,0.000
0.233,0.000
0.237,0.000
0.219,0.000
0.221,0.000
0.240,0.000
0.266,0.000
0.282,0.000
0.332,0.004
0.292,0.043
0.351,0.136
0.370,0.321
0.362,0.430
0.367,0.451
0.379,0.541
0.396,0.586
0.404,0.554
0.417,0.458
0.388,0.314
0.316,0.149
0.294,0.042
0.260,0.000
0.254,0.000
0.276,0.000
0.310,0.000
0.291,0.000
0.314,0.000
0.293,0.000
0.316,0.000
0.328,0.000
0.318,0.000
0.311,0.000
0.325,0.011
0.352,0.083
0.395,0.194
0.395,0.385
0.381,0.609
0.362,0.678
0.327,0.628
0.286,0.439
0.250,0.261
0.221,0.211
0.204,0.181
0.186,0.083
0.170,0.022
0.181,0.000
0.179,0.000
0.171,0.000
0.172,0.000
0.194,0.000
0.232,0.000
0.260,0.000
0.277,0.000
0.283,0.000
0.256,0.000
0.215,0.000
0.197,0.009
0.162,0.069
0.185,0.186
0.170,0.357
0.147,0.428
0.136,0.467
0.128,0.514
0.114,0.436
0.098,0.380
0.083,0.323
0.071,0.201
0.069,0.100
0.093,0.030
0.151,0.000
0.199,0.000
0.211,0.000
0.198,0.000
0.184,0.000
0.170,0.000
0.159,0.000
0.156,0.000
0.152,0.000
0.148,0.000
0.143,0.000
0.130,0.009
0.089,0.065
0.067,0.160
0.063,0.230
0.053,0.264
0.046,0.302
0.044,0.286
0.041,0.248
0.034,0.213
0.028,0.179
0.021,0.160
0.021,0.141
0.044,0.050
0.106,0.000
0.175,0.000
0.214,0.000
0.230,0.000
0.232,0.000
0.241,0.000
0.265,0.000
0.277,0.000
0.283,0.000
0.259,0.000
0.238,0.000
0.206,0.008
0.200,0.064
0.282,0.144
0.363,0.239
0.420,0.322
0.449,0.397
0.467,0.430
0.485,0.401
0.508,0.318
0.527,0.244
0.512,0.141
0.512,0.066
0.563,0.021
0.584,0.000
0.562,0.000
0.557,0.000
0.527,0.000
0.515,0.000
0.536,0.000
0.563,0.000
0.557,0.000
0.590,0.000
0.621,0.000
0.646,0.000
0.694,0.009
0.750,0.038
0.873,0.077
0.919,0.139
0.933,0.172
0.940,0.204
0.947,0.198
0.955,0.152
0.960,0.086
0.957,0.058
0.950,0.034
0.933,0.014
0.908,0.002
0.891,0.000
0.867,0.000
0.836,0.000
0.808,0.000
0.788,0.000
0.775,0.000
0.778,0.000
0.819,0.000
0.843,0.000
0.856,0.000
0.868,0.000
0.877,0.004
0.883,0.039
0.891,0.079
0.892,0.159
0.875,0.235
0.875,0.263
0.892,0.253
0.883,0.185
0.862,0.151
0.834,0.097
0.791,0.054
0.732,0.018
0.682,0.002
0.644,0.000
0.597,0.000
0.557,0.000
0.548,0.000
0.479,0.000
0.497,0.000
0.522,0.000
0.596,0.000
0.707,0.000
0.804,0.000
0.859,0.000
0.884,0.000
0.903,0.008
0.916,0.038
0.927,0.083
0.934,0.058
0.943,0.072
0.944,0.093
0.945,0.090
0.940,0.069
0.937,0.049
0.941,0.046
0.944,0.050
0.946,0.021
0.942,0.000
0.925,0.000
0.884,0.000
0.801,0.000
0.646,0.000
0.453,0.000
0.297,0.000
0.208,0.000
0.193,0.000
0.207,0.000
0.211,0.000
0.191,0.027
0.156,0.158
0.161,0.347
0.154,0.512
0.147,0.594
0.123,0.449
0.091,0.286
0.067,0.224
0.059,0.332
0.077,0.516
0.124,0.381
0.182,0.227
0.252,0.058
0.320,0.000
0.338,0.000
0.325,0.000
0.284,0.000
0.276,0.000
0.268,0.000
0.242,0.000
0.214,0.000
0.194,0.000
0.189,0.000
0.191,0.000
0.193,0.022
0.216,0.076
0.224,0.101
0.230,0.142
0.280,0.275
0.284,0.542
0.269,0.649
0.253,0.499
0.238,0.283
0.226,0.169
0.229,0.139
0.235,0.110
0.252,0.040
0.298,0.000
0.310,0.000
0.295,0.000
0.282,0.000
0.276,0.000
0.278,0.000
0.281,0.000
0.286,0.000
0.289,0.000
0.278,0.000
0.248,0.000
0.230,0.031
0.214,0.154
0.242,0.228
0.273,0.267
0.301,0.404
0.341,0.615
0.359,0.714
0.345,0.707
0.327,0.608
0.308,0.428
0.286,0.255
0.254,0.145
0.249,0.057
0.307,0.002
0.344,0.000
0.341,0.000
0.326,0.000
0.305,0.000
0.278,0.000
0.251,0.000
0.238,0.000
0.257,0.000
0.305,0.000
0.348,0.000
0.332,0.032
0.240,0.161
0.193,0.335
0.222,0.486
0.339,0.579
0.392,0.606
0.418,0.503
0.415,0.418
0.376,0.390
0.297,0.338
0.213,0.243
0.164,0.117
0.152,0.037
0.146,0.002
0.135,0.000
0.131,0.000
0.122,0.000
0.101,0.000
0.073,0.000
0.054,0.000
0.051,0.000
0.058,0.000
0.051,0.000
0.033,0.000
0.020,0.027
0.012,0.108
0.009,0.217
0.014,0.332
0.019,0.480
0.027,0.609
0.033,0.647
0.041,0.582
0.047,0.428
0.045,0.327
0.041,0.266
0.036,0.175
0.033,0.068
0.034,0.003
0.028,0.000
0.016,0.000
0.011,0.000
0.025,0.000
0.061,0.000
0.115,0.000
0.154,0.000
0.165,0.000
0.170,0.000
0.179,0.000
0.178,0.015
0.186,0.068
0.204,0.157
0.250,0.287
0.319,0.436
0.378,0.504
0.444,0.538
0.502,0.525
0.542,0.470
0.540,0.385
0.493,0.265
0.452,0.143
0.447,0.047
0.448,0.002
0.428,0.000
0.452,0.000
0.496,0.000
0.515,0.000
0.502,0.000
0.496,0.000
0.516,0.000
0.523,0.000
0.554,0.000
0.587,0.000
0.682,0.027
0.683,0.095
0.666,0.196
0.684,0.322
0.700,0.445
0.686,0.545
0.674,0.626
0.664,0.672
0.649,0.635
0.616,0.534
0.563,0.388
0.512,0.217
0.490,0.070
0.471,0.004
0.459,0.000
0.435,0.000
0.406,0.000
0.379,0.000
0.359,0.000
0.314,0.000
0.301,0.000
0.269,0.000
0.238,0.000
0.213,0.000
0.186,0.030
0.161,0.109
0.153,0.214
0.237,0.331
0.362,0.456
0.440,0.594
0.453,0.697
0.433,0.687
0.418,0.601
0.412,0.485
0.374,0.358
0.328,0.215
0.345,0.076
0.415,0.006
0.447,0.000
0.413,0.000
0.373,0.000
0.350,0.000
0.324,0.000
0.316,0.000
0.276,0.000
0.266,0.000
0.268,0.000
0.268,0.000
0.322,0.029
0.327,0.131
0.330,0.282
0.338,0.424
0.350,0.469
0.377,0.291
0.399,0.276
0.407,0.294
0.395,0.224
0.380,0.151
0.332,0.134
0.268,0.101
0.253,0.045
0.253,0.004
0.268,0.000
0.248,0.000
0.252,0.000
0.272,0.000
0.293,0.000
0.316,0.000
0.343,0.000
0.335,0.000
0.287,0.000
0.226,0.000
0.205,0.042
0.173,0.176
0.180,0.354
0.181,0.520
0.171,0.644
0.160,0.708
0.141,0.704
0.104,0.668
0.059,0.613
0.026,0.525
0.011,0.381
0.006,0.185
0.004,0.048
0.009,0.002
0.028,0.000
0.074,0.000
0.147,0.000
0.221,0.000
0.285,0.000
0.322,0.000
0.325,0.000
0.283,0.000
0.264,0.000
0.249,0.000
0.235,0.043
0.391,0.094
0.587,0.181
0.641,0.241
0.627,0.364
0.633,0.297
0.593,0.168
0.476,0.054
0.443,0.218
0.563,0.345
0.682,0.160
0.693,0.026
0.553,0.009
0.324,0.001
0.136,0.000
0.083,0.000
0.419,0.000
0.847,0.000
0.952,0.000
0.973,0.000
0.970,0.000
0.956,0.000
0.938,0.000
0.918,0.000
0.902,0.036
0.889,0.108
0.891,0.242
0.935,0.416
0.945,0.470
0.941,0.619
0.940,0.628
0.936,0.394
0.927,0.274
0.911,0.415
0.875,0.318
0.813,0.194
0.705,0.072
0.563,0.008
0.457,0.000
0.377,0.000
0.265,0.000
0.189,0.000
0.144,0.000
0.117,0.000
0.094,0.000
0.091,0.000
0.096,0.000
0.116,0.000
0.158,0.037
0.198,0.159
0.238,0.319
0.266,0.472
0.269,0.578
0.269,0.555
0.245,0.567
0.221,0.581
0.207,0.566
0.202,0.479
0.175,0.372
0.169,0.208
0.191,0.084
0.214,0.010
0.242,0.000
0.251,0.000
0.249,0.000
0.253,0.000
0.252,0.000
0.218,0.000
0.200,0.000
0.222,0.000
0.258,0.000
0.271,0.000
0.255,0.029
0.240,0.126
0.276,0.310
0.328,0.472
0.364,0.566
0.401,0.601
0.444,0.545
0.481,0.511
0.486,0.473
0.446,0.314
0.440,0.160
0.438,0.069
0.449,0.030
0.475,0.003
0.505,0.000
0.459,0.000
0.462,0.000
0.472,0.000
0.496,0.000
0.498,0.000
0.524,0.000
0.578,0.000
0.633,0.000
0.649,0.001
0.626,0.051
0.529,0.201
0.381,0.370
0.325,0.532
0.268,0.625
0.211,0.716
0.168,0.738
0.140,0.710
0.123,0.626
0.111,0.521
0.095,0.383
0.079,0.230
0.066,0.087
0.059,0.014
0.048,0.000
0.028,0.000
0.011,0.000
0.013,0.000
0.027,0.000
0.049,0.000
0.074,0.000
0.099,0.000
0.122,0.000
0.144,0.001
0.139,0.032
0.162,0.111
0.193,0.265
0.212,0.384
0.241,0.459
0.286,0.563
0.330,0.600
0.345,0.539
0.357,0.389
0.381,0.279
0.380,0.203
0.330,0.102
0.298,0.041
0.295,0.004
0.291,0.000
0.268,0.000
0.298,0.000
0.305,0.000
0.278,0.000
0.313,0.000
0.310,0.000
0.313,0.000
0.289,0.000
0.245,0.000
0.212,0.013
0.259,0.032
0.318,0.043
0.330,0.046
0.311,0.034
0.278,0.045
0.252,0.090
0.217,0.190
0.189,0.385
0.170,0.474
0.161,0.398
0.155,0.212
0.144,0.075
0.153,0.010
0.176,0.000
0.184,0.000
0.187,0.000
0.193,0.000
0.191,0.000
0.210,0.000
0.240,0.000
0.291,0.000
0.351,0.000
0.379,0.002
0.411,0.052
0.465,0.193
0.465,0.362
0.425,0.518
0.407,0.646
0.411,0.728
0.419,0.755
0.431,0.750
0.456,0.699
0.504,0.598
0.553,0.450
0.577,0.278
0.551,0.095
0.500,0.017
0.425,0.000
0.395,0.000
0.413,0.000
0.449,0.000
0.447,0.000
0.438,0.000
0.437,0.000
0.395,0.000
0.374,0.000
0.344,0.004
0.237,0.053
0.289,0.232
0.245,0.429
0.190,0.593
0.148,0.707
0.121,0.774
0.112,0.793
0.120,0.775
0.141,0.711
0.169,0.606
0.193,0.461
0.204,0.281
0.200,0.096
0.198,0.017
0.193,0.000
0.165,0.000
0.132,0.000
0.111,0.000
0.101,0.000
0.097,0.000
0.094,0.000
0.090,0.000
0.086,0.000
0.088,0.005
0.080,0.057
0.075,0.224
0.083,0.368
0.081,0.445
0.077,0.531
0.077,0.610
0.081,0.669
0.089,0.694
0.097,0.656
0.105,0.553
0.118,0.397
0.131,0.217
0.148,0.077
0.172,0.015
0.189,0.000
0.176,0.000
0.145,0.000
0.111,0.000
0.080,0.000
0.062,0.000
0.052,0.000
0.046,0.000
0.041,0.000
0.039,0.002
0.037,0.031
0.034,0.084
0.033,0.150
0.029,0.219
0.028,0.330
0.030,0.510
0.034,0.584
0.040,0.504
0.044,0.412
0.048,0.309
0.049,0.213
0.051,0.099
0.059,0.034
0.081,0.005
0.107,0.000
0.123,0.000
0.129,0.000
0.124,0.000
0.116,0.000
0.108,0.000
0.100,0.000
0.096,0.000
0.094,0.000
0.092,0.008
0.083,0.068
0.071,0.198
0.072,0.345
0.075,0.488
0.076,0.549
0.074,0.569
0.072,0.571
0.072,0.438
0.069,0.244
0.068,0.164
0.076,0.101
0.096,0.060
0.136,0.024
0.216,0.002
0.291,0.000
0.297,0.000
0.303,0.000
0.316,0.000
0.343,0.000
0.387,0.000
0.397,0.000
0.413,0.000
0.436,0.000
0.444,0.000
0.456,0.020
0.516,0.077
0.578,0.194
0.604,0.315
0.599,0.419
0.584,0.460
0.566,0.488
0.553,0.461
0.541,0.480
0.532,0.427
0.517,0.331
0.474,0.195
0.411,0.077
0.377,0.021
0.359,0.000
0.297,0.000
0.258,0.000
0.235,0.000
0.180,0.000
0.149,0.000
0.131,0.000
0.118,0.000
0.106,0.000
0.088,0.007
0.063,0.062
0.048,0.167
0.041,0.327
0.035,0.516
0.032,0.625
0.030,0.702
0.030,0.727
0.033,0.713
0.037,0.663
0.044,0.566
0.054,0.440
0.063,0.277
0.077,0.105
0.092,0.023
0.116,0.000
0.134,0.000
0.148,0.000
0.154,0.000
0.157,0.000
0.159,0.000
0.160,0.000
0.143,0.000
0.124,0.000
0.098,0.009
0.068,0.066
0.055,0.198
0.038,0.379
0.027,0.494
0.025,0.580
0.025,0.646
0.029,0.678
0.037,0.680
0.051,0.630
0.065,0.543
0.081,0.421
0.101,0.268
0.120,0.106
0.151,0.025
0.198,0.000
0.250,0.000
0.283,0.000
0.300,0.000
0.306,0.000
0.295,0.000
0.283,0.000
0.278,0.000
0.280,0.000
0.268,0.009
0.191,0.065
0.209,0.225
0.189,0.406
0.165,0.556
0.151,0.669
0.141,0.745
0.136,0.778
0.132,0.770
0.118,0.715
0.113,0.613
0.114,0.468
0.113,0.290
0.116,0.106
0.131,0.025
0.129,0.000
0.102,0.000
0.095,0.000
0.118,0.000
0.154,0.000
0.159,0.000
0.138,0.000
0.134,0.000
0.176,0.000
0.202,0.010
0.166,0.067
0.162,0.213
0.250,0.371
0.300,0.503
0.326,0.612
0.326,0.718
0.290,0.780
0.250,0.772
0.230,0.715
0.237,0.614
0.257,0.470
0.265,0.291
0.268,0.107
0.362,0.025
0.468,0.000
0.468,0.000
0.429,0.000
0.395,0.000
0.369,0.000
0.357,0.000
0.368,0.000
0.396,0.000
0.415,0.000
0.411,0.012
0.351,0.068
0.291,0.215
0.481,0.406
0.538,0.565
0.549,0.675
0.547,0.727
0.539,0.762
0.519,0.765
0.467,0.710
0.396,0.608
0.330,0.462
0.285,0.283
0.280,0.107
0.351,0.026
0.413,0.000
0.423,0.000
0.407,0.000
0.388,0.000
0.368,0.000
0.355,0.000
0.345,0.000
0.341,0.000
0.346,0.000
0.322,0.011
0.242,0.059
0.184,0.133
0.255,0.223
0.327,0.316
0.365,0.403
0.396,0.473
0.412,0.526
0.424,0.561
0.437,0.550
0.445,0.458
0.440,0.317
0.409,0.166
0.389,0.070
0.395,0.023
0.385,0.000
0.349,0.000
0.322,0.000
0.312,0.000
0.304,0.000
0.305,0.000
0.331,0.000
0.374,0.000
0.405,0.000
0.381,0.003
0.280,0.027
0.196,0.099
0.192,0.223
0.283,0.375
0.318,0.510
0.336,0.617
0.336,0.681
0.341,0.670
0.357,0.591
0.362,0.374
0.347,0.221
0.280,0.127
0.245,0.057
0.289,0.014
0.350,0.000
0.376,0.000
0.350,0.000
0.299,0.000
0.244,0.000
0.199,0.000
0.172,0.000
0.152,0.000
0.140,0.000
0.140,0.003
0.137,0.021
0.103,0.054
0.072,0.099
0.079,0.152
0.100,0.211
0.110,0.276
0.114,0.273
0.116,0.235
0.122,0.185
0.122,0.124
0.114,0.077
0.105,0.053
0.115,0.027
0.158,0.005
0.214,0.000
0.241,0.000
0.246,0.000
0.235,0.000
0.225,0.000
0.217,0.000
0.233,0.000
0.234,0.000
0.229,0.000
0.200,0.002
0.152,0.020
0.160,0.057
0.175,0.115
0.166,0.197
0.150,0.277
0.134,0.313
0.119,0.317
0.103,0.309
0.094,0.299
0.095,0.276
0.100,0.214
0.111,0.128
0.114,0.068
0.134,0.024
0.209,0.000
0.278,0.000
0.311,0.000
0.316,0.000
0.307,0.000
0.301,0.000
0.299,0.000
0.325,0.000
0.317,0.000
0.315,0.006
0.288,0.043
0.326,0.110
0.354,0.207
0.342,0.338
0.330,0.460
0.336,0.549
0.344,0.585
0.350,0.577
0.363,0.511
0.384,0.437
0.400,0.348
0.386,0.237
0.344,0.114
0.271,0.037
0.230,0.000
0.217,0.000
0.208,0.000
0.204,0.000
0.209,0.000
0.212,0.000
0.209,0.000
0.191,0.000
0.180,0.000
0.182,0.015
0.198,0.076
0.238,0.198
0.268,0.399
0.288,0.548
0.305,0.655
0.325,0.722
0.329,0.745
0.328,0.733
0.331,0.682
0.332,0.590
0.324,0.461
0.291,0.295
0.243,0.117
0.183,0.028
0.151,0.000
0.159,0.000
0.174,0.000
0.177,0.000
0.175,0.000
0.171,0.000
0.166,0.000
0.158,0.000
0.151,0.000
0.138,0.020
0.120,0.081
0.120,0.219
0.129,0.366
0.131,0.498
0.127,0.621
0.123,0.682
0.135,0.621
0.166,0.452
0.205,0.302
0.223,0.216
0.211,0.165
0.177,0.154
0.143,0.116
0.130,0.036
0.142,0.000
0.142,0.000
0.129,0.000
0.106,0.000
0.080,0.000
0.059,0.000
0.042,0.000
0.033,0.000
0.026,0.000
0.021,0.016
0.015,0.062
0.018,0.145
0.025,0.309
0.034,0.488
0.040,0.633
0.047,0.718
0.047,0.740
0.045,0.728
0.047,0.670
0.047,0.551
0.045,0.421
0.050,0.257
0.072,0.116
0.118,0.036
0.187,0.000
0.220,0.000
0.216,0.000
0.200,0.000
0.176,0.000
0.153,0.000
0.132,0.000
0.118,0.000
0.105,0.000
0.082,0.021
0.053,0.085
0.041,0.231
0.029,0.385
0.019,0.470
0.011,0.540
0.006,0.595
0.002,0.606
0.004,0.542
0.009,0.423
0.013,0.270
0.016,0.164
0.021,0.088
0.029,0.044
0.044,0.012
0.076,0.000
0.102,0.000
0.115,0.000
0.114,0.000
0.111,0.000
0.113,0.000
0.112,0.000
0.105,0.000
0.090,0.000
0.068,0.002
0.041,0.017
0.025,0.046
0.012,0.084
0.006,0.132
0.007,0.195
0.014,0.316
0.027,0.475
0.041,0.535
0.055,0.495
0.069,0.383
0.079,0.304
0.079,0.218
0.072,0.124
0.077,0.042
0.081,0.001
0.060,0.000
0.042,0.000
0.030,0.000
0.020,0.000
0.015,0.000
0.019,0.000
0.023,0.000
0.018,0.000
0.022,0.008
0.021,0.056
0.027,0.142
0.038,0.224
0.048,0.365
0.055,0.440
0.062,0.467
0.066,0.367
0.073,0.333
0.081,0.334
0.096,0.271
0.107,0.234
0.107,0.199
0.100,0.108
0.089,0.034
0.077,0.000
0.064,0.000
0.046,0.000
0.021,0.000
0.005,0.000
0.007,0.000
0.022,0.000
0.049,0.000
0.082,0.000
0.105,0.007
0.107,0.037
0.124,0.106
0.146,0.211
0.196,0.275
0.289,0.373
0.382,0.470
0.428,0.561
0.471,0.530
0.540,0.447
0.603,0.321
0.570,0.175
0.499,0.123
0.450,0.085
0.460,0.031
0.452,0.000
0.417,0.000
0.353,0.000
0.358,0.000
0.357,0.000
0.404,0.000
0.448,0.000
0.604,0.000
0.629,0.000
0.622,0.012
0.668,0.075
0.749,0.192
0.768,0.297
0.772,0.444
0.783,0.666
0.806,0.749
0.821,0.777
0.832,0.759
0.837,0.697
0.830,0.605
0.814,0.472
0.785,0.303
0.742,0.124
0.663,0.037
0.616,0.002
0.581,0.000
0.556,0.000
0.527,0.000
0.512,0.000
0.511,0.000
0.504,0.000
0.474,0.000
0.433,0.000
0.400,0.022
0.395,0.085
0.496,0.212
0.515,0.347
0.515,0.484
0.527,0.575
0.548,0.550
0.569,0.530
0.586,0.572
0.584,0.603
0.550,0.562
0.512,0.444
0.456,0.284
0.350,0.125
0.289,0.041
0.270,0.002
0.249,0.000
0.266,0.000
0.276,0.000
0.296,0.000
0.310,0.000
0.308,0.000
0.303,0.000
0.298,0.000
0.267,0.026
0.235,0.090
0.200,0.200
0.177,0.321
0.164,0.448
0.143,0.562
0.122,0.653
0.104,0.627
0.092,0.480
0.086,0.297
0.076,0.189
0.062,0.127
0.044,0.082
0.029,0.037
0.021,0.009
0.013,0.000
0.006,0.000
0.018,0.000
0.045,0.000
0.069,0.000
0.088,0.000
0.095,0.000
0.094,0.000
0.101,0.000
0.109,0.006
0.107,0.021
0.107,0.057
0.106,0.156
0.108,0.323
0.108,0.478
0.125,0.549
0.141,0.528
0.161,0.439
0.240,0.343
0.373,0.309
0.481,0.308
0.536,0.240
0.616,0.131
0.660,0.047
0.696,0.002
0.717,0.000
0.747,0.000
0.758,0.000
0.726,0.000
0.673,0.000
0.630,0.000
0.633,0.000
0.599,0.000
0.606,0.017
0.538,0.071
0.508,0.165
0.633,0.315
0.742,0.336
0.725,0.306
0.667,0.278
0.630,0.278
0.578,0.354
0.524,0.320
0.474,0.234
0.381,0.213
0.339,0.187
0.260,0.099
0.240,0.029
0.273,0.000
0.313,0.000
0.332,0.000
0.359,0.000
0.401,0.000
0.461,0.000
0.497,0.000
0.508,0.000
0.512,0.000
0.529,0.004
0.459,0.022
0.415,0.059
0.415,0.103
0.414,0.113
0.413,0.145
0.407,0.190
0.389,0.193
0.376,0.120
0.409,0.118
0.379,0.207
0.341,0.276
0.341,0.239
0.399,0.140
0.385,0.051
0.389,0.004
0.357,0.000
0.314,0.000
0.323,0.000
0.342,0.000
0.307,0.000
0.282,0.000
0.225,0.000
0.222,0.000
0.218,0.012
0.211,0.059
0.214,0.123
0.185,0.179
0.179,0.209
0.170,0.236
0.164,0.249
0.149,0.277
0.125,0.260
0.108,0.193
0.086,0.140
0.071,0.110
0.082,0.062
0.133,0.027
0.262,0.009
0.398,0.000
0.498,0.000
0.619,0.000
0.633,0.000
0.683,0.000
0.733,0.000
0.741,0.000
0.747,0.000
0.699,0.000
0.652,0.016
0.663,0.062
0.696,0.151
0.723,0.341
0.755,0.544
0.789,0.587
0.832,0.518
0.894,0.480
0.932,0.431
0.942,0.511
0.937,0.565
0.927,0.448
0.912,0.292
0.910,0.133
0.922,0.043
0.904,0.004
0.890,0.000
0.882,0.000
0.855,0.000
0.827,0.000
0.806,0.000
0.791,0.000
0.763,0.000
0.721,0.000
0.675,0.022
0.627,0.092
0.665,0.212
0.682,0.380
0.659,0.462
0.638,0.479
0.633,0.446
0.633,0.459
0.617,0.367
0.578,0.332
0.524,0.347
0.458,0.275
0.382,0.186
0.273,0.118
0.177,0.043
0.137,0.002
0.130,0.000
0.125,0.000
0.108,0.000
0.091,0.000
0.069,0.000
0.049,0.000
0.029,0.000
0.015,0.000
0.010,0.016
0.008,0.067
0.019,0.139
0.036,0.186
0.059,0.241
0.088,0.282
0.131,0.327
0.198,0.331
0.269,0.312
0.330,0.285
0.389,0.289
0.453,0.257
0.503,0.195
0.532,0.117
0.593,0.049
0.622,0.004
0.646,0.000
0.649,0.000
0.649,0.000
0.646,0.000
0.639,0.000
0.652,0.000
0.675,0.000
0.692,0.000
0.683,0.031
0.694,0.093
0.691,0.223
0.652,0.333
0.584,0.415
0.505,0.537
0.453,0.570
0.430,0.558
0.428,0.509
0.475,0.445
0.526,0.366
0.481,0.270
0.427,0.181
0.389,0.104
0.356,0.041
0.310,0.003
0.291,0.000
0.278,0.000
0.260,0.000
0.261,0.000
0.264,0.000
0.266,0.000
0.255,0.000
0.225,0.000
0.186,0.029
0.152,0.088
0.133,0.172
0.116,0.246
0.119,0.316
0.153,0.384
0.214,0.428
0.278,0.457
0.327,0.469
0.350,0.443
0.355,0.392
0.356,0.324
0.359,0.225
0.335,0.124
0.291,0.044
0.310,0.002
0.341,0.000
0.342,0.000
0.321,0.000
0.298,0.000
0.280,0.000
0.267,0.000
0.259,0.000
0.223,0.000
0.169,0.017
0.162,0.069
0.224,0.144
0.216,0.238
0.176,0.325
0.126,0.400
0.087,0.476
0.056,0.474
0.030,0.431
0.015,0.376
0.014,0.416
0.019,0.379
0.030,0.260
0.072,0.133
0.147,0.047
0.212,0.003
0.245,0.000
0.248,0.000
0.239,0.000
0.237,0.000
0.234,0.000
0.231,0.000
0.249,0.000
0.238,0.000
0.224,0.026
0.258,0.090
0.280,0.219
0.274,0.394
0.265,0.527
0.260,0.622
0.263,0.673
0.268,0.697
0.268,0.692
0.262,0.647
0.255,0.566
0.243,0.444
0.240,0.291
0.232,0.134
0.216,0.041
0.209,0.006
0.238,0.000
0.235,0.000
0.239,0.000
0.276,0.000
0.297,0.000
0.324,0.000
0.326,0.000
0.319,0.000
0.291,0.029
0.274,0.087
0.301,0.190
0.265,0.353
0.225,0.459
0.193,0.522
0.174,0.563
0.167,0.594
0.157,0.590
0.142,0.532
0.124,0.411
0.100,0.289
0.073,0.199
0.048,0.115
0.033,0.047
0.023,0.005
0.019,0.000
0.021,0.000
0.026,0.000
0.031,0.000
0.035,0.000
0.038,0.000
0.040,0.000
0.046,0.000
0.055,0.033
0.056,0.094
0.073,0.221
0.099,0.344
0.128,0.415
0.152,0.448
0.173,0.453
0.186,0.463
0.201,0.481
0.225,0.478
0.253,0.443
0.280,0.373
0.313,0.268
0.345,0.133
0.357,0.049
0.361,0.006
0.376,0.000
0.379,0.000
0.380,0.000
0.383,0.000
0.383,0.000
0.386,0.000
0.377,0.000
0.368,0.000
0.341,0.030
0.381,0.087
0.401,0.244
0.383,0.400
0.368,0.556
0.366,0.667
0.380,0.731
0.407,0.748
0.435,0.674
0.469,0.597
0.495,0.539
0.504,0.422
0.496,0.249
0.484,0.126
0.465,0.048
0.484,0.006
0.498,0.000
0.472,0.000
0.469,0.000
0.474,0.000
0.499,0.000
0.485,0.000
0.454,0.000
0.418,0.000
0.416,0.032
0.438,0.094
0.563,0.210
0.609,0.317
0.612,0.323
0.603,0.345
0.599,0.449
0.606,0.526
0.622,0.473
0.633,0.427
0.644,0.308
0.674,0.267
0.700,0.182
0.687,0.101
0.671,0.039
0.678,0.003
0.682,0.000
0.671,0.000
0.648,0.000
0.616,0.000
0.574,0.000
0.540,0.000
0.517,0.000
0.496,0.000
0.469,0.011
0.524,0.048
0.603,0.097
0.601,0.153
0.563,0.218
0.519,0.320
0.498,0.410
0.483,0.393
0.473,0.349
0.484,0.294
0.469,0.270
0.411,0.261
0.348,0.204
0.283,0.098
0.217,0.022
0.178,0.000
0.156,0.000
0.129,0.000
0.097,0.000
0.076,0.000
0.062,0.000
0.051,0.000
0.035,0.000
0.022,0.000
0.014,0.009
0.011,0.032
0.014,0.072
0.022,0.097
0.025,0.123
0.022,0.169
0.017,0.231
0.011,0.286
0.005,0.300
0.003,0.321
0.005,0.305
0.013,0.283
0.034,0.242
0.066,0.147
0.113,0.055
0.152,0.009
0.176,0.000
0.178,0.000
0.170,0.000
0.162,0.000
0.151,0.000
0.139,0.000
0.124,0.000
0.106,0.000
0.085,0.025
0.058,0.076
0.042,0.147
0.032,0.248
0.029,0.360
0.028,0.476
0.028,0.537
0.029,0.527
0.032,0.517
0.034,0.499
0.038,0.475
0.046,0.417
0.053,0.293
0.051,0.144
0.046,0.051
0.043,0.008
0.048,0.000
0.059,0.000
0.072,0.000
0.081,0.000
0.086,0.000
0.090,0.000
0.095,0.000
0.104,0.000
0.110,0.022
0.104,0.075
0.143,0.156
0.173,0.221
0.190,0.283
0.202,0.412
0.217,0.527
0.244,0.532
0.267,0.651
0.247,0.658
0.185,0.574
0.135,0.455
0.107,0.302
0.110,0.142
0.168,0.050
0.260,0.007
0.341,0.000
0.371,0.000
0.366,0.000
0.378,0.000
0.390,0.000
0.465,0.000
0.455,0.000
0.435,0.000
0.449,0.032
0.468,0.090
0.551,0.203
0.629,0.368
0.647,0.485
0.643,0.588
0.636,0.658
0.618,0.695
0.577,0.704
0.520,0.663
0.459,0.576
0.410,0.455
0.375,0.296
0.327,0.139
0.264,0.042
0.266,0.007
0.308,0.000
0.324,0.000
0.350,0.000
0.379,0.000
0.382,0.000
0.395,0.000
0.396,0.000
0.388,0.000
0.327,0.028
0.272,0.082
0.341,0.244
0.362,0.400
0.333,0.531
0.300,0.634
0.266,0.700
0.237,0.724
0.213,0.713
0.191,0.659
0.179,0.566
0.175,0.449
0.167,0.302
0.147,0.135
0.114,0.036
0.107,0.007
0.115,0.000
0.126,0.000
0.142,0.000
0.168,0.000
0.186,0.000
0.202,0.000
0.216,0.000
0.238,0.001
0.218,0.033
0.230,0.089
0.319,0.208
0.362,0.371
0.371,0.535
0.384,0.640
0.410,0.690
0.419,0.675
0.407,0.603
0.386,0.573
0.360,0.515
0.339,0.413
0.313,0.281
0.274,0.138
0.239,0.050
0.280,0.006
0.331,0.000
0.343,0.000
0.329,0.000
0.341,0.000
0.334,0.000
0.327,0.000
0.318,0.000
0.319,0.000
0.275,0.033
0.262,0.090
0.278,0.232
0.264,0.374
0.248,0.525
0.228,0.642
0.214,0.708
0.203,0.735
0.205,0.718
0.224,0.664
0.252,0.579
0.273,0.457
0.283,0.277
0.263,0.136
0.232,0.048
0.213,0.008
0.225,0.000
0.248,0.000
0.262,0.000
0.262,0.000
0.262,0.000
0.258,0.000
0.244,0.000
0.218,0.001
0.156,0.031
0.111,0.084
0.087,0.255
0.069,0.428
0.054,0.556
0.043,0.647
0.034,0.684
0.030,0.670
0.032,0.577
0.040,0.582
0.053,0.476
0.066,0.310
0.072,0.175
0.075,0.109
0.072,0.049
0.077,0.007
0.096,0.000
0.115,0.000
0.119,0.000
0.118,0.000
0.118,0.000
0.094,0.000
0.068,0.000
0.090,0.000
0.107,0.014
0.095,0.058
0.105,0.177
0.121,0.236
0.122,0.250
0.124,0.204
0.135,0.198
0.155,0.237
0.165,0.225
0.170,0.186
0.164,0.175
0.170,0.139
0.196,0.078
0.237,0.032
0.305,0.013
0.353,0.004
0.351,0.000
0.321,0.000
0.325,0.000
0.339,0.000
0.362,0.000
0.364,0.000
0.353,0.000
0.329,0.000
0.280,0.006
0.234,0.028
0.224,0.052
0.181,0.103
0.164,0.131
0.225,0.141
0.323,0.160
0.417,0.163
0.471,0.168
0.507,0.192
0.478,0.175
0.434,0.127
0.395,0.116
0.378,0.088
0.344,0.049
0.316,0.007
0.319,0.000
0.351,0.000
0.394,0.000
0.423,0.000
0.447,0.000
0.407,0.000
0.413,0.000
0.327,0.000
0.232,0.034
0.148,0.092
0.103,0.219
0.072,0.360
0.052,0.495
0.044,0.604
0.043,0.683
0.046,0.672
0.059,0.616
0.087,0.492
0.122,0.272
0.151,0.228
0.163,0.189
0.152,0.130
0.135,0.049
0.163,0.008
0.218,0.000
0.225,0.000
0.207,0.000
0.196,0.000
0.205,0.000
0.223,0.000
0.221,0.000
0.216,0.001
0.167,0.035
0.133,0.091
0.163,0.169
0.178,0.265
0.175,0.382
0.174,0.544
0.177,0.652
0.178,0.650
0.179,0.571
0.181,0.435
0.184,0.422
0.188,0.325
0.198,0.204
0.204,0.120
0.214,0.048
0.258,0.005
0.283,0.000
0.265,0.000
0.248,0.000
0.241,0.000
0.231,0.000
0.217,0.000
0.209,0.000
0.191,0.000
0.142,0.031
0.108,0.083
0.125,0.235
0.151,0.390
0.176,0.532
0.214,0.629
0.235,0.693
0.245,0.713
0.253,0.664
0.269,0.599
0.306,0.492
0.351,0.338
0.386,0.219
0.384,0.125
0.351,0.045
0.327,0.007
0.332,0.000
0.323,0.000
0.322,0.000
0.325,0.000
0.336,0.000
0.352,0.000
0.358,0.000
0.339,0.000
0.278,0.032
0.209,0.082
0.243,0.159
0.294,0.260
0.339,0.386
0.366,0.526
0.383,0.657
0.397,0.693
0.418,0.687
0.443,0.638
0.462,0.551
0.471,0.431
0.466,0.283
0.449,0.131
0.459,0.048
0.447,0.007
0.509,0.000
0.532,0.000
0.534,0.000
0.541,0.000
0.545,0.000
0.540,0.000
0.527,0.000
0.521,0.000
0.488,0.029
0.468,0.087
0.585,0.190
0.597,0.301
0.616,0.405
0.625,0.504
0.627,0.595
0.625,0.684
0.626,0.705
0.627,0.673
0.610,0.591
0.540,0.466
0.435,0.309
0.331,0.142
0.260,0.037
0.240,0.007
0.230,0.000
0.217,0.000
0.198,0.000
0.162,0.000
0.125,0.000
0.094,0.000
0.070,0.000
0.061,0.000
0.059,0.030
0.059,0.082
0.080,0.225
0.092,0.401
0.110,0.542
0.125,0.644
0.138,0.682
0.149,0.626
0.156,0.595
0.170,0.634
0.191,0.579
0.221,0.450
0.214,0.274
0.188,0.133
0.202,0.044
0.254,0.007
0.339,0.000
0.384,0.000
0.424,0.000
0.548,0.000
0.570,0.000
0.563,0.000
0.581,0.000
0.576,0.000
0.548,0.029
0.565,0.080
0.635,0.235
0.664,0.390
0.686,0.452
0.686,0.524
0.697,0.620
0.714,0.700
0.707,0.717
0.709,0.656
0.720,0.570
0.723,0.423
0.704,0.228
0.684,0.104
0.593,0.030
0.561,0.003
0.571,0.000
0.605,0.000
0.622,0.000
0.639,0.000
0.629,0.000
0.602,0.000
0.592,0.000
0.546,0.000
0.517,0.031
0.549,0.086
0.618,0.211
0.618,0.344
0.588,0.518
0.533,0.590
0.471,0.682
0.418,0.692
0.381,0.681
0.339,0.632
0.301,0.553
0.280,0.442
0.278,0.293
0.281,0.139
0.255,0.044
0.243,0.005
0.247,0.000
0.235,0.000
0.238,0.000
0.223,0.000
0.217,0.000
0.203,0.000
0.194,0.000
0.186,0.000
0.153,0.027
0.131,0.080
0.131,0.187
0.114,0.328
0.105,0.465
0.104,0.572
0.105,0.616
0.105,0.642
0.100,0.621
0.095,0.619
0.096,0.539
0.102,0.412
0.112,0.232
0.119,0.121
0.121,0.048
0.131,0.006
0.130,0.000
0.112,0.000
0.092,0.000
0.074,0.000
0.062,0.000
0.054,0.000
0.050,0.000
0.048,0.000
0.041,0.028
0.034,0.086
0.032,0.200
0.030,0.354
0.028,0.529
0.023,0.622
0.018,0.668
0.016,0.663
0.018,0.654
0.024,0.592
0.034,0.511
0.049,0.409
0.069,0.274
0.089,0.137
0.107,0.045
0.135,0.006
0.153,0.000
0.130,0.000
0.096,0.000
0.080,0.000
0.079,0.000
0.086,0.000
0.096,0.000
0.101,0.000
0.088,0.027
0.064,0.076
0.078,0.241
0.105,0.366
0.141,0.415
0.185,0.420
0.235,0.411
0.285,0.436
0.322,0.506
0.335,0.552
0.317,0.510
0.292,0.418
0.268,0.274
0.243,0.136
0.208,0.045
0.194,0.006
0.219,0.000
0.232,0.000
0.241,0.000
0.237,0.000
0.227,0.000
0.209,0.000
0.195,0.000
0.186,0.000
0.157,0.030
0.151,0.082
0.190,0.218
0.235,0.361
0.278,0.477
0.301,0.607
0.317,0.693
0.332,0.730
0.351,0.712
0.367,0.662
0.347,0.569
0.344,0.441
0.376,0.297
0.402,0.135
0.352,0.040
0.320,0.006
0.327,0.000
0.311,0.000
0.253,0.000
0.195,0.000
0.169,0.000
0.157,0.000
0.157,0.000
0.158,0.000
0.137,0.028
0.131,0.090
0.116,0.193
0.094,0.270
0.074,0.339
0.058,0.375
0.046,0.428
0.041,0.490
0.042,0.524
0.053,0.502
0.076,0.443
0.106,0.345
0.133,0.235
0.162,0.127
0.185,0.048
0.214,0.003
0.235,0.000
0.209,0.000
0.176,0.000
0.162,0.000
0.150,0.000
0.142,0.000
0.153,0.000
0.170,0.000
0.155,0.019
0.158,0.062
0.184,0.113
0.162,0.129
0.128,0.141
0.100,0.188
0.083,0.293
0.072,0.379
0.062,0.389
0.056,0.347
0.052,0.282
0.047,0.223
0.046,0.170
0.054,0.107
0.074,0.047
0.114,0.005
0.138,0.000
0.143,0.000
0.149,0.000
0.141,0.000
0.122,0.000
0.129,0.000
0.135,0.000
0.145,0.000
0.142,0.025
0.111,0.082
0.079,0.195
0.071,0.343
0.070,0.504
0.065,0.572
0.063,0.627
0.063,0.637
0.058,0.599
0.049,0.556
0.051,0.488
0.052,0.363
0.054,0.248
0.052,0.131
0.048,0.045
0.054,0.005
0.066,0.000
0.088,0.000
0.114,0.000
0.142,0.000
0.165,0.000
0.179,0.000
0.190,0.000
0.195,0.000
0.176,0.029
0.145,0.080
0.185,0.205
0.206,0.329
0.196,0.449
0.189,0.564
0.187,0.656
0.196,0.708
0.210,0.689
0.225,0.631
0.230,0.552
0.223,0.446
0.210,0.291
0.187,0.134
0.171,0.044
0.195,0.003
0.227,0.000
0.251,0.000
0.269,0.000
0.260,0.000
0.241,0.000
0.243,0.000
0.238,0.000
0.221,0.000
0.189,0.015
0.153,0.050
0.130,0.122
0.139,0.223
0.170,0.451
0.198,0.457
0.215,0.372
0.255,0.517
0.295,0.554
0.327,0.347
0.324,0.235
0.291,0.169
0.269,0.117
0.246,0.061
0.246,0.024
0.321,0.000
0.392,0.000
0.456,0.000
0.425,0.000
0.380,0.000
0.303,0.000
0.268,0.000
0.263,0.000
0.248,0.000
0.211,0.028
0.234,0.081
0.230,0.199
0.198,0.339
0.187,0.511
0.186,0.577
0.186,0.664
0.207,0.589
0.238,0.644
0.268,0.618
0.298,0.518
0.318,0.412
0.319,0.256
0.303,0.133
0.257,0.042
0.283,0.004
0.338,0.000
0.371,0.000
0.333,0.000
0.352,0.000
0.357,0.000
0.352,0.000
0.372,0.000
0.384,0.000
0.373,0.026
0.371,0.073
0.339,0.218
0.329,0.368
0.319,0.518
0.341,0.588
0.357,0.662
0.349,0.649
0.322,0.644
0.311,0.595
0.298,0.528
0.291,0.373
0.295,0.281
0.308,0.129
0.250,0.043
0.214,0.003
0.223,0.000
0.242,0.000
0.246,0.000
0.235,0.000
0.218,0.000
0.227,0.000
0.248,0.000
0.240,0.000
0.193,0.023
0.197,0.079
0.207,0.185
0.198,0.343
0.191,0.492
0.175,0.583
0.163,0.682
0.155,0.724
0.147,0.722
0.141,0.663
0.141,0.558
0.143,0.417
0.144,0.269
0.141,0.131
0.136,0.039
0.143,0.003
0.148,0.000
0.138,0.000
0.129,0.000
0.116,0.000
0.104,0.000
0.089,0.000
0.073,0.000
0.060,0.000
0.052,0.023
0.055,0.066
0.065,0.230
0.069,0.399
0.072,0.542
0.072,0.647
0.068,0.711
0.060,0.737
0.053,0.723
0.049,0.669
0.049,0.577
0.054,0.429
0.064,0.254
0.080,0.106
0.105,0.033
0.150,0.001
0.193,0.000
0.216,0.000
0.225,0.000
0.218,0.000
0.208,0.000
0.199,0.000
0.187,0.000
0.179,0.000
0.153,0.027
0.106,0.080
0.101,0.200
0.092,0.324
0.084,0.427
0.085,0.589
0.094,0.688
0.107,0.660
0.117,0.558
0.115,0.395
0.110,0.310
0.098,0.248
0.082,0.199
0.066,0.111
0.059,0.038
0.059,0.001
0.051,0.000
0.051,0.000
0.064,0.000
0.081,0.000
0.087,0.000
0.089,0.000
0.090,0.000
0.090,0.000
0.088,0.026
0.077,0.075
0.086,0.223
0.104,0.380
0.116,0.457
0.122,0.493
0.127,0.616
0.130,0.698
0.144,0.670
0.171,0.541
0.188,0.260
0.199,0.222
0.210,0.249
0.205,0.125
0.196,0.026
0.189,0.000
0.225,0.000
0.274,0.000
0.298,0.000
0.314,0.000
0.345,0.000
0.374,0.000
0.389,0.000
0.401,0.000
0.428,0.001
0.451,0.009
0.485,0.040
0.608,0.121
0.674,0.187
0.635,0.266
0.537,0.365
0.440,0.424
0.395,0.513
0.390,0.549
0.404,0.486
0.409,0.406
0.367,0.280
0.357,0.125
0.334,0.031
0.350,0.000
0.360,0.000
0.358,0.000
0.382,0.000
0.400,0.000
0.395,0.000
0.380,0.000
0.376,0.000
0.384,0.000
0.320,0.026
0.325,0.080
0.440,0.188
0.481,0.302
0.492,0.377
0.516,0.526
0.539,0.562
0.560,0.461
0.570,0.384
0.559,0.354
0.520,0.448
0.462,0.408
0.389,0.253
0.291,0.098
0.219,0.020
0.193,0.000
0.184,0.000
0.172,0.000
0.155,0.000
0.141,0.000
0.119,0.000
0.097,0.000
0.085,0.000
0.086,0.000
0.096,0.011
0.096,0.059
0.118,0.157
0.169,0.326
0.236,0.489
0.312,0.576
0.368,0.630
0.285,0.628
0.170,0.596
0.126,0.576
0.128,0.465
0.128,0.352
0.131,0.222
0.145,0.108
0.175,0.032
0.212,0.000
0.222,0.000
0.207,0.000
0.295,0.000
0.431,0.000
0.536,0.000
0.651,0.000
0.538,0.000
0.389,0.000
0.280,0.022
0.209,0.073
0.224,0.204
0.248,0.358
0.292,0.499
0.313,0.592
0.306,0.646
0.286,0.663
0.300,0.656
0.345,0.642
0.373,0.554
0.357,0.433
0.318,0.268
0.234,0.100
0.189,0.038
0.197,0.001
0.250,0.000
0.297,0.000
0.320,0.000
0.338,0.000
0.347,0.000
0.339,0.000
0.328,0.000
0.325,0.000
0.310,0.006
0.309,0.063
0.325,0.172
0.368,0.229
0.509,0.195
0.610,0.252
0.664,0.346
0.737,0.262
0.860,0.203
0.849,0.140
0.775,0.143
0.686,0.196
0.641,0.139
0.646,0.043
0.628,0.021
0.548,0.001
0.466,0.000
0.443,0.000
0.529,0.000
0.653,0.000
0.745,0.000
0.788,0.000
0.783,0.000
0.735,0.000
0.732,0.021
0.765,0.067
0.812,0.205
0.840,0.326
0.895,0.440
0.903,0.539
0.897,0.576
0.889,0.600
0.883,0.618
0.877,0.575
0.845,0.466
0.808,0.347
0.762,0.229
0.727,0.114
0.682,0.034
0.657,0.000
0.652,0.000
0.657,0.000
0.677,0.000
0.668,0.000
0.659,0.000
0.619,0.000
0.596,0.000
0.557,0.000
0.509,0.022
0.465,0.072
0.533,0.214
0.631,0.369
0.688,0.466
0.711,0.545
0.699,0.570
0.668,0.517
0.645,0.418
0.626,0.346
0.579,0.273
0.463,0.169
0.345,0.093
0.288,0.046
0.290,0.014
0.306,0.000
0.291,0.000
0.276,0.000
0.274,0.000
0.268,0.000
0.276,0.000
0.320,0.000
0.336,0.000
0.320,0.000
0.286,0.015
0.233,0.044
0.301,0.078
0.363,0.106
0.321,0.164
0.308,0.229
0.345,0.297
0.300,0.225
0.235,0.172
0.211,0.185
0.151,0.124
0.111,0.084
0.102,0.068
0.116,0.082
0.148,0.041
0.223,0.000
0.320,0.000
0.392,0.000
0.402,0.000
0.440,0.000
0.543,0.000
0.613,0.000
0.664,0.000
0.674,0.000
0.719,0.009
0.772,0.049
0.762,0.109
0.772,0.194
0.749,0.282
0.715,0.447
0.729,0.576
0.753,0.650
0.765,0.618
0.765,0.562
0.749,0.454
0.721,0.341
0.711,0.230
0.728,0.112
0.733,0.031
0.724,0.000
0.716,0.000
0.706,0.000
0.696,0.000
0.680,0.000
0.660,0.000
0.642,0.000
0.633,0.000
0.643,0.000
0.630,0.017
0.622,0.063
0.632,0.209
0.618,0.368
0.588,0.515
0.549,0.623
0.513,0.693
0.490,0.709
0.465,0.700
0.439,0.650
0.417,0.554
0.390,0.428
0.344,0.275
0.275,0.122
0.265,0.032
0.272,0.000
0.253,0.000
0.218,0.000
0.183,0.000
0.166,0.000
0.149,0.000
0.127,0.000
0.115,0.000
0.104,0.000
0.087,0.017
0.061,0.060
0.054,0.212
0.061,0.377
0.071,0.520
0.085,0.628
0.094,0.692
0.089,0.718
0.079,0.705
0.076,0.631
0.077,0.539
0.086,0.397
0.105,0.241
0.116,0.118
0.126,0.031
0.144,0.000
0.150,0.000
0.162,0.000
0.180,0.000
0.198,0.000
0.212,0.000
0.222,0.000
0.224,0.000
0.223,0.000
0.216,0.015
0.198,0.071
0.207,0.176
0.210,0.312
0.199,0.414
0.191,0.474
0.199,0.598
0.216,0.601
0.247,0.512
0.280,0.342
0.305,0.222
0.319,0.143
0.312,0.084
0.268,0.041
0.200,0.014
0.205,0.000
0.225,0.000
0.212,0.000
0.196,0.000
0.182,0.000
0.170,0.000
0.157,0.000
0.145,0.000
0.128,0.000
0.107,0.004
0.086,0.031
0.080,0.073
0.085,0.152
0.094,0.273
0.100,0.474
0.098,0.576
0.085,0.593
0.071,0.548
0.060,0.435
0.054,0.362
0.055,0.287
0.060,0.182
0.067,0.087
0.085,0.019
0.111,0.000
0.131,0.000
0.147,0.000
0.151,0.000
0.149,0.000
0.145,0.000
0.141,0.000
0.139,0.000
0.142,0.000
0.143,0.010
0.130,0.064
0.156,0.188
0.185,0.355
0.203,0.466
0.223,0.568
0.241,0.622
0.256,0.645
0.268,0.707
0.284,0.653
0.299,0.546
0.298,0.409
0.280,0.259
0.245,0.109
0.201,0.023
0.196,0.000
0.212,0.000
0.221,0.000
0.226,0.000
0.225,0.000
0.219,0.000
0.210,0.000
0.193,0.000
0.173,0.000
0.152,0.007
0.122,0.052
0.113,0.136
0.104,0.225
0.100,0.284
0.097,0.386
0.096,0.476
0.097,0.533
0.106,0.560
0.124,0.604
0.144,0.475
0.155,0.396
0.158,0.256
0.157,0.116
0.149,0.029
0.146,0.000
0.153,0.000
0.157,0.000
0.155,0.000
0.163,0.000
0.169,0.000
0.164,0.000
0.154,0.000
0.137,0.000
0.115,0.008
0.076,0.055
0.056,0.147
0.041,0.292
0.029,0.423
0.018,0.528
0.010,0.593
0.003,0.655
0.002,0.701
0.002,0.639
0.002,0.547
0.004,0.414
0.014,0.249
0.024,0.095
0.044,0.025
0.071,0.000
0.081,0.000
0.088,0.000
0.111,0.000
0.148,0.000
0.184,0.000
0.209,0.000
0.218,0.000
0.215,0.000
0.195,0.006
0.123,0.050
0.107,0.158
0.115,0.314
0.115,0.398
0.114,0.435
0.113,0.368
0.113,0.346
0.113,0.476
0.118,0.537
0.125,0.350
0.131,0.172
0.141,0.084
0.160,0.037
0.229,0.010
0.304,0.000
0.324,0.000
0.280,0.000
0.268,0.000
0.270,0.000
0.258,0.000
0.254,0.000
0.237,0.000
0.230,0.000
0.234,0.002
0.209,0.025
0.208,0.058
0.219,0.116
0.242,0.177
0.278,0.245
0.342,0.266
0.398,0.275
0.440,0.370
0.450,0.531
0.421,0.552
0.407,0.429
0.430,0.274
0.463,0.117
0.465,0.027
0.457,0.000
0.425,0.000
0.414,0.000
0.412,0.000
0.354,0.000
0.308,0.000
0.286,0.000
0.260,0.000
0.252,0.000
0.245,0.009
0.202,0.055
0.226,0.185
0.255,0.323
0.286,0.437
0.313,0.542
0.342,0.600
0.376,0.561
0.380,0.547
0.362,0.560
0.357,0.506
0.321,0.418
0.239,0.266
0.187,0.111
0.195,0.024
0.205,0.000
0.207,0.000
0.228,0.000
0.248,0.000
0.220,0.000
0.214,0.000
0.209,0.000
0.225,0.000
0.252,0.000
0.277,0.008
0.289,0.056
0.391,0.177
0.443,0.359
0.482,0.509
0.515,0.614
0.552,0.671
0.593,0.688
0.623,0.670
0.633,0.617
0.578,0.504
0.502,0.355
0.435,0.231
0.448,0.094
0.480,0.020
0.475,0.000
0.453,0.000
0.430,0.000
0.370,0.000
0.354,0.000
0.377,0.000
0.350,0.000
0.305,0.000
0.278,0.000
0.257,0.004
0.241,0.047
0.261,0.126
0.283,0.244
0.276,0.399
0.260,0.461
0.247,0.584
0.262,0.636
0.302,0.645
0.336,0.600
0.332,0.477
0.299,0.345
0.240,0.210
0.184,0.092
0.154,0.020
0.157,0.000
0.162,0.000
0.153,0.000
0.138,0.000
0.132,0.000
0.133,0.000
0.140,0.000
0.143,0.000
0.144,0.000
0.139,0.005
0.106,0.053
0.093,0.172
0.092,0.330
0.102,0.499
0.116,0.594
0.134,0.678
0.152,0.683
0.170,0.645
0.185,0.565
0.187,0.501
0.178,0.372
0.158,0.253
0.133,0.105
0.124,0.018
0.125,0.000
0.112,0.000
0.088,0.000
0.066,0.000
0.048,0.000
0.037,0.000
0.029,0.000
0.021,0.000
0.014,0.000
0.009,0.004
0.006,0.060
0.009,0.199
0.016,0.342
0.021,0.434
0.023,0.442
0.029,0.369
0.036,0.328
0.050,0.265
0.079,0.197
0.122,0.135
0.167,0.104
0.225,0.045
0.301,0.016
0.367,0.001
0.395,0.000
0.431,0.000
0.524,0.000
0.710,0.000
0.836,0.000
0.913,0.000
0.923,0.000
0.915,0.000
0.793,0.000
0.635,0.004
0.413,0.046
0.297,0.133
0.276,0.239
0.295,0.387
0.336,0.490
0.383,0.553
0.447,0.557
0.490,0.544
0.469,0.478
0.437,0.392
0.379,0.262
0.295,0.169
0.280,0.074
0.278,0.013
0.250,0.000
0.221,0.000
0.168,0.000
0.106,0.000
0.051,0.000
0.050,0.000
0.072,0.000
0.091,0.000
0.111,0.000
0.132,0.003
0.128,0.050
0.132,0.136
0.142,0.186
0.157,0.242
0.178,0.294
0.203,0.369
0.226,0.391
0.240,0.399
0.256,0.317
0.296,0.268
0.348,0.199
0.380,0.093
0.411,0.046
0.447,0.009
0.495,0.000
0.520,0.000
0.550,0.000
0.533,0.000
0.509,0.000
0.484,0.000
0.444,0.000
0.416,0.000
0.400,0.000
0.385,0.001
0.338,0.032
0.357,0.108
0.413,0.207
0.472,0.298
0.471,0.364
0.453,0.406
0.438,0.439
0.430,0.461
0.431,0.471
0.419,0.445
0.396,0.364
0.354,0.234
0.289,0.099
0.235,0.017
0.207,0.000
0.186,0.000
0.172,0.000
0.164,0.000
0.163,0.000
0.166,0.000
0.168,0.000
0.171,0.000
0.177,0.000
0.185,0.002
0.162,0.038
0.149,0.120
0.171,0.251
0.170,0.365
0.170,0.485
0.175,0.599
0.191,0.671
0.214,0.686
0.239,0.640
0.254,0.548
0.254,0.416
0.244,0.255
0.198,0.098
0.175,0.015
0.192,0.000
0.212,0.000
0.226,0.000
0.231,0.000
0.228,0.000
0.217,0.000
0.202,0.000
0.176,0.000
0.149,0.000
0.123,0.002
0.097,0.043
0.078,0.109
0.065,0.214
0.069,0.326
0.095,0.367
0.103,0.384
0.100,0.265
0.089,0.223
0.075,0.235
0.060,0.253
0.042,0.254
0.029,0.168
0.026,0.069
0.041,0.007
0.086,0.000
0.147,0.000
0.191,0.000
0.215,0.000
0.221,0.000
0.222,0.000
0.226,0.000
0.223,0.000
0.222,0.000
0.226,0.001
0.178,0.043
0.129,0.133
0.111,0.245
0.095,0.361
0.095,0.488
0.135,0.539
0.241,0.591
0.404,0.517
0.603,0.399
0.721,0.301
0.724,0.219
0.662,0.123
0.556,0.070
0.553,0.009
0.575,0.000
0.603,0.000
0.627,0.000
0.638,0.000
0.668,0.000
0.688,0.000
0.689,0.000
0.649,0.000
0.590,0.000
0.527,0.002
0.406,0.043
0.400,0.169
0.370,0.235
0.276,0.246
0.222,0.570
0.207,0.684
0.276,0.712
0.358,0.701
0.431,0.646
0.456,0.421
0.452,0.205
0.380,0.150
0.383,0.060
0.437,0.006
0.465,0.000
0.478,0.000
0.502,0.000
0.610,0.000
0.657,0.000
0.694,0.000
0.737,0.000
0.843,0.000
0.897,0.000
0.866,0.000
0.740,0.020
0.617,0.112
0.656,0.258
0.749,0.501
0.749,0.637
0.745,0.707
0.726,0.727
0.729,0.705
0.739,0.651
0.731,0.550
0.686,0.412
0.608,0.245
0.560,0.087
0.569,0.009
0.571,0.000
0.555,0.000
0.542,0.000
0.547,0.000
0.573,0.000
0.524,0.000
0.487,0.000
0.464,0.000
0.452,0.000
0.450,0.000
0.446,0.039
0.544,0.142
0.689,0.296
0.776,0.458
0.820,0.602
0.839,0.675
0.854,0.695
0.865,0.680
0.874,0.630
0.881,0.537
0.870,0.398
0.847,0.236
0.818,0.085
0.800,0.008
0.793,0.000
0.780,0.000
0.766,0.000
0.756,0.000
0.748,0.000
0.714,0.000
0.685,0.000
0.663,0.000
0.662,0.000
0.647,0.000
0.593,0.041
0.548,0.162
0.575,0.306
0.589,0.424
0.563,0.382
0.548,0.412
0.524,0.451
0.504,0.432
0.487,0.410
0.481,0.345
0.495,0.237
0.512,0.120
0.481,0.055
0.502,0.007
0.487,0.000
0.493,0.000
0.519,0.000
0.490,0.000
0.462,0.000
0.420,0.000
0.402,0.000
0.396,0.000
0.398,0.000
0.391,0.000
0.357,0.017
0.341,0.070
0.425,0.173
0.529,0.312
0.570,0.512
0.597,0.567
0.622,0.456
0.642,0.485
0.649,0.424
0.633,0.318
0.597,0.228
0.505,0.141
0.453,0.065
0.459,0.002
0.452,0.000
0.450,0.000
0.436,0.000
0.411,0.000
0.395,0.000
0.368,0.000
0.336,0.000
0.297,0.000
0.249,0.000
0.211,0.000
0.185,0.024
0.143,0.070
0.170,0.120
0.205,0.132
0.214,0.169
0.223,0.320
0.227,0.596
0.241,0.666
0.291,0.617
0.336,0.523
0.331,0.382
0.260,0.222
0.198,0.057
0.192,0.003
0.225,0.000
0.272,0.000
0.304,0.000
0.310,0.000
0.325,0.000
0.347,0.000
0.395,0.000
0.435,0.000
0.468,0.000
0.504,0.000
0.521,0.020
0.563,0.047
0.689,0.105
0.816,0.241
0.890,0.271
0.909,0.232
0.913,0.235
0.889,0.256
0.815,0.253
0.642,0.223
0.478,0.158
0.345,0.096
0.280,0.038
0.259,0.002
0.268,0.000
0.286,0.000
0.325,0.000
0.371,0.000
0.414,0.000
0.444,0.000
0.457,0.000
0.476,0.000
0.444,0.000
0.415,0.000
0.345,0.030
0.407,0.137
0.462,0.257
0.628,0.338
0.723,0.312
0.759,0.372
0.738,0.484
0.725,0.525
0.749,0.465
0.752,0.312
0.711,0.230
0.642,0.171
0.596,0.072
0.578,0.005
0.509,0.000
0.470,0.000
0.487,0.000
0.489,0.000
0.476,0.000
0.475,0.000
0.484,0.000
0.484,0.000
0.490,0.000
0.526,0.000
0.484,0.032
0.464,0.119
0.574,0.255
0.595,0.402
0.597,0.549
0.603,0.684
0.594,0.731
0.599,0.708
0.607,0.649
0.604,0.521
0.546,0.282
0.475,0.124
0.413,0.063
0.411,0.004
0.433,0.000
0.441,0.000
0.440,0.000
0.422,0.000
0.385,0.000
0.362,0.000
0.334,0.000
0.315,0.000
0.298,0.000
0.300,0.000
0.281,0.013
0.216,0.056
0.212,0.113
0.201,0.164
0.180,0.200
0.135,0.236
0.127,0.263
0.112,0.405
0.089,0.408
0.060,0.325
0.034,0.193
0.020,0.086
0.021,0.041
0.041,0.002
0.060,0.000
0.072,0.000
0.073,0.000
0.081,0.000
0.096,0.000
0.111,0.000
0.102,0.000
0.095,0.000
0.097,0.000
0.129,0.000
0.160,0.028
0.130,0.148
0.090,0.293
0.060,0.476
0.062,0.607
0.082,0.688
0.101,0.687
0.116,0.687
0.131,0.635
0.145,0.527
0.133,0.400
0.101,0.225
0.080,0.070
0.071,0.002
0.076,0.000
0.103,0.000
0.136,0.000
0.153,0.000
0.159,0.000
0.191,0.000
0.244,0.000
0.298,0.000
0.331,0.000
0.357,0.000
0.316,0.026
0.297,0.113
0.356,0.219
0.357,0.302
0.346,0.334
0.330,0.426
0.319,0.450
0.320,0.415
0.321,0.364
0.301,0.249
0.235,0.171
0.170,0.090
0.155,0.028
0.178,0.000
0.194,0.000
0.210,0.000
0.235,0.000
0.235,0.000
0.215,0.000
0.221,0.000
0.243,0.000
0.259,0.000
0.268,0.000
0.264,0.000
0.243,0.005
0.214,0.039
0.212,0.110
0.235,0.231
0.258,0.361
0.278,0.503
0.289,0.618
0.299,0.660
0.298,0.610
0.297,0.407
0.274,0.153
0.299,0.052
0.360,0.026
0.371,0.000
0.399,0.000
0.407,0.000
0.407,0.000
0.388,0.000
0.354,0.000
0.241,0.000
0.227,0.000
0.369,0.000
0.478,0.000
0.481,0.000
0.365,0.024
0.246,0.164
0.284,0.333
0.291,0.473
0.291,0.579
0.289,0.653
0.289,0.674
0.305,0.645
0.344,0.591
0.380,0.504
0.355,0.375
0.325,0.214
0.344,0.061
0.370,0.001
0.373,0.000
0.337,0.000
0.327,0.000
0.324,0.000
0.325,0.000
0.345,0.000
0.395,0.000
0.462,0.000
0.515,0.000
0.555,0.000
0.638,0.019
0.716,0.086
0.762,0.183
0.790,0.332
0.845,0.439
0.848,0.507
0.832,0.482
0.804,0.458
0.768,0.302
0.738,0.128
0.752,0.086
0.754,0.074
0.763,0.019
0.785,0.000
0.752,0.000
0.681,0.000
0.672,0.000
0.679,0.000
0.702,0.000
0.741,0.000
0.788,0.000
0.810,0.000
0.843,0.000
0.871,0.000
0.866,0.005
0.848,0.036
0.845,0.084
0.845,0.129
0.830,0.174
0.772,0.165
0.758,0.144
0.658,0.138
0.538,0.119
0.413,0.092
0.286,0.055
0.191,0.024
0.169,0.007
0.236,0.000
0.356,0.000
0.567,0.000
0.834,0.000
0.783,0.000
0.677,0.000
0.451,0.000
0.221,0.000
0.323,0.000
0.492,0.000
0.507,0.000
0.395,0.020
0.411,0.145
0.451,0.293
0.536,0.484
0.608,0.592
0.627,0.669
0.621,0.699
0.624,0.685
0.623,0.626
0.603,0.492
0.571,0.331
0.509,0.178
0.444,0.054
0.411,0.000
0.401,0.000
0.413,0.000
0.435,0.000
0.440,0.000
0.462,0.000
0.494,0.000
0.515,0.000
0.522,0.000
0.516,0.000
0.498,0.000
0.463,0.018
0.378,0.138
0.425,0.325
0.468,0.458
0.431,0.526
0.398,0.545
0.362,0.551
0.333,0.536
0.317,0.503
0.326,0.478
0.302,0.349
0.268,0.162
0.268,0.046
0.298,0.000
0.305,0.000
0.294,0.000
0.295,0.000
0.308,0.000
0.333,0.000
0.353,0.000
0.365,0.000
0.346,0.000
0.357,0.000
0.390,0.000
0.414,0.017
0.430,0.126
0.548,0.295
0.635,0.431
0.687,0.383
0.745,0.320
0.792,0.332
0.800,0.320
0.776,0.315
0.719,0.202
0.675,0.146
0.641,0.075
0.629,0.026
0.594,0.000
0.561,0.000
0.507,0.000
0.471,0.000
0.414,0.000
0.386,0.000
0.376,0.000
0.362,0.000
0.429,0.000
0.404,0.000
0.398,0.000
0.389,0.010
0.345,0.053
0.334,0.110
0.414,0.193
0.536,0.282
0.584,0.330
0.597,0.344
0.584,0.378
0.553,0.331
0.490,0.231
0.412,0.150
0.360,0.095
0.389,0.028
0.473,0.000
0.497,0.000
0.469,0.000
0.495,0.000
0.517,0.000
0.513,0.000
0.490,0.000
0.552,0.000
0.584,0.000
0.647,0.000
0.721,0.000
0.815,0.014
0.865,0.083
0.920,0.246
0.943,0.466
0.953,0.519
0.951,0.360
0.958,0.365
0.957,0.430
0.947,0.370
0.938,0.260
0.920,0.180
0.889,0.062
0.853,0.013
0.804,0.000
0.732,0.000
0.656,0.000
0.622,0.000
0.553,0.000
0.450,0.000
0.431,0.000
0.437,0.000
0.447,0.000
0.456,0.000
0.425,0.000
0.368,0.011
0.308,0.093
0.359,0.192
0.478,0.332
0.520,0.551
0.524,0.675
0.556,0.713
0.613,0.679
0.659,0.636
0.689,0.532
0.723,0.379
0.685,0.191
0.624,0.036
0.628,0.000
0.681,0.000
0.751,0.000
0.867,0.000
0.877,0.000
0.874,0.000
0.838,0.000
0.770,0.000
0.689,0.000
0.656,0.000
0.604,0.000
0.578,0.001
0.573,0.024
0.563,0.046
0.564,0.101
0.619,0.236
0.637,0.591
0.636,0.691
0.622,0.699
0.590,0.643
0.556,0.540
0.493,0.393
0.411,0.208
0.395,0.043
0.421,0.000
0.394,0.000
0.380,0.000
0.372,0.000
0.355,0.000
0.340,0.000
0.328,0.000
0.311,0.000
0.286,0.000
0.251,0.000
0.216,0.000
0.177,0.008
0.122,0.095
0.101,0.250
0.087,0.435
0.077,0.566
0.075,0.686
0.076,0.726
0.076,0.712
0.073,0.651
0.069,0.542
0.068,0.389
0.067,0.203
0.071,0.039
0.062,0.000
0.041,0.000
0.028,0.000
0.019,0.000
0.013,0.000
0.032,0.000
0.073,0.000
0.119,0.000
0.149,0.000
0.162,0.000
0.174,0.000
0.174,0.003
0.155,0.041
0.139,0.092
0.161,0.138
0.191,0.164
0.209,0.175
0.221,0.190
0.232,0.211
0.235,0.159
0.232,0.087
0.217,0.052
0.225,0.030
0.242,0.019
0.257,0.000
0.277,0.000
0.237,0.000
0.219,0.000
0.230,0.000
0.205,0.000
0.138,0.000
0.137,0.000
0.266,0.000
0.409,0.000
0.572,0.000
0.568,0.006
0.536,0.102
0.610,0.235
0.638,0.364
0.610,0.501
0.574,0.604
0.540,0.658
0.517,0.671
0.493,0.619
0.477,0.501
0.434,0.368
0.364,0.183
0.362,0.034
0.335,0.000
0.289,0.000
0.260,0.000
0.235,0.000
0.213,0.000
0.198,0.000
0.187,0.000
0.180,0.000
0.157,0.000
0.119,0.000
0.103,0.000
0.126,0.003
0.128,0.039
0.140,0.200
0.238,0.405
0.365,0.430
0.466,0.356
0.520,0.229
0.581,0.198
0.671,0.221
0.706,0.194
0.745,0.137
0.797,0.067
0.827,0.009
0.842,0.000
0.841,0.000
0.841,0.000
0.850,0.000
0.879,0.000
0.874,0.000
0.842,0.000
0.812,0.000
0.756,0.000
0.710,0.000
0.654,0.000
0.637,0.005
0.629,0.077
0.607,0.172
0.599,0.256
0.657,0.323
0.739,0.286
0.751,0.282
0.702,0.278
0.624,0.239
0.551,0.178
0.465,0.115
0.363,0.053
0.348,0.010
0.347,0.000
0.350,0.000
0.339,0.000
0.348,0.000
0.329,0.000
0.341,0.000
0.320,0.000
0.301,0.000
0.258,0.000
0.249,0.000
0.237,0.000
0.274,0.002
0.320,0.055
0.357,0.126
0.383,0.196
0.475,0.267
0.631,0.332
0.593,0.413
0.516,0.492
0.485,0.413
0.469,0.376
0.404,0.282
0.327,0.146
0.312,0.026
0.332,0.000
0.350,0.000
0.358,0.000
0.341,0.000
0.343,0.000
0.320,0.000
0.309,0.000
0.286,0.000
0.251,0.000
0.220,0.000
0.185,0.000
0.169,0.004
0.145,0.112
0.101,0.285
0.088,0.345
0.113,0.390
0.113,0.531
0.104,0.643
0.100,0.666
0.093,0.520
0.072,0.446
0.060,0.373
0.046,0.192
0.036,0.026
0.042,0.000
0.068,0.000
0.125,0.000
0.216,0.000
0.326,0.000
0.407,0.000
0.427,0.000
0.469,0.000
0.472,0.000
0.460,0.000
0.481,0.000
0.483,0.004
0.550,0.124
0.605,0.316
0.641,0.486
0.686,0.612
0.719,0.688
0.738,0.716
0.758,0.698
0.769,0.634
0.773,0.524
0.772,0.357
0.755,0.164
0.721,0.020
0.610,0.000
0.502,0.000
0.456,0.000
0.407,0.000
0.362,0.000
0.310,0.000
0.250,0.000
0.200,0.000
0.187,0.000
0.130,0.000
0.091,0.000
0.063,0.003
0.054,0.111
0.060,0.278
0.061,0.403
0.041,0.477
0.024,0.575
0.014,0.620
0.007,0.618
0.008,0.556
0.008,0.406
0.014,0.273
0.026,0.135
0.052,0.015
0.080,0.000
0.090,0.000
0.086,0.000
0.081,0.000
0.081,0.000
0.086,0.000
0.090,0.000
0.095,0.000
0.085,0.000
0.077,0.000
0.080,0.000
0.088,0.001
0.072,0.065
0.060,0.207
0.056,0.339
0.053,0.460
0.052,0.621
0.059,0.615
0.067,0.622
0.079,0.564
0.096,0.479
0.117,0.333
0.129,0.152
0.162,0.017
0.209,0.000
0.207,0.000
0.171,0.000
0.135,0.000
0.125,0.000
0.116,0.000
0.113,0.000
0.119,0.000
0.120,0.000
0.113,0.000
0.098,0.000
0.081,0.001
0.058,0.070
0.042,0.223
0.029,0.405
0.019,0.540
0.016,0.638
0.018,0.706
0.024,0.693
0.025,0.631
0.022,0.520
0.018,0.366
0.015,0.176
0.014,0.018
0.010,0.000
0.007,0.000
0.005,0.000
0.008,0.000
0.013,0.000
0.018,0.000
0.023,0.000
0.030,0.000
0.036,0.000
0.041,0.000
0.041,0.000
0.042,0.002
0.042,0.114
0.033,0.308
0.038,0.480
0.050,0.606
0.051,0.682
0.048,0.711
0.043,0.690
0.036,0.623
0.029,0.506
0.023,0.344
0.018,0.162
0.015,0.015
0.012,0.000
0.011,0.000
0.017,0.000
0.029,0.000
0.042,0.000
0.055,0.000
0.068,0.000
0.079,0.000
0.082,0.000
0.078,0.000
0.070,0.000
0.061,0.001
0.051,0.111
0.030,0.305
0.026,0.475
0.041,0.598
0.054,0.674
0.074,0.703
0.101,0.686
0.126,0.623
0.142,0.513
0.143,0.356
0.145,0.167
0.187,0.014
0.242,0.000
0.292,0.000
0.320,0.000
0.331,0.000
0.332,0.000
0.336,0.000
0.343,0.000
0.350,0.000
0.352,0.000
0.359,0.000
0.370,0.000
0.380,0.000
0.341,0.103
0.289,0.296
0.362,0.470
0.505,0.598
0.593,0.678
0.646,0.711
0.671,0.697
0.685,0.636
0.685,0.525
0.661,0.364
0.663,0.167
0.678,0.012
0.686,0.000
0.692,0.000
0.686,0.000
0.682,0.000
0.704,0.000
0.711,0.000
0.721,0.000
0.694,0.000
0.684,0.000
0.694,0.000
0.696,0.000
0.700,0.000
0.680,0.012
0.653,0.047
0.762,0.097
0.772,0.138
0.791,0.183
0.787,0.237
0.752,0.248
0.687,0.235
0.658,0.166
0.664,0.084
0.653,0.032
0.641,0.001
0.640,0.000
0.625,0.000
0.618,0.000
0.600,0.000
0.608,0.000
0.613,0.000
0.592,0.000
0.563,0.000
0.510,0.000
0.380,0.000
0.269,0.000
0.206,0.000
0.157,0.041
0.113,0.120
0.071,0.224
0.050,0.320
0.053,0.454
0.060,0.553
0.058,0.593
0.049,0.571
0.042,0.474
0.060,0.302
0.091,0.133
0.121,0.008
0.138,0.000
0.141,0.000
0.141,0.000
0.132,0.000
0.120,0.000
0.122,0.000
0.147,0.000
0.170,0.000
0.172,0.000
0.153,0.000
0.163,0.000
0.203,0.000
0.223,0.022
0.244,0.044
0.301,0.088
0.431,0.196
0.544,0.372
0.628,0.584
0.672,0.532
0.700,0.285
0.706,0.179
0.560,0.113
0.440,0.063
0.362,0.004
0.352,0.000
0.349,0.000
0.342,0.000
0.365,0.000
0.415,0.000
0.411,0.000
0.401,0.000
0.414,0.000
0.380,0.000
0.327,0.000
0.287,0.000
0.281,0.000
0.247,0.007
0.189,0.046
0.206,0.111
0.244,0.152
0.289,0.152
0.308,0.166
0.308,0.168
0.284,0.156
0.250,0.162
0.218,0.127
0.194,0.064
0.178,0.002
0.144,0.000
0.102,0.000
0.054,0.000
0.022,0.000
0.015,0.000
0.038,0.000
0.079,0.000
0.119,0.000
0.124,0.000
0.114,0.000
0.113,0.000
0.098,0.000
0.080,0.044
0.054,0.136
0.055,0.223
0.091,0.322
0.147,0.435
0.187,0.517
0.230,0.472
0.271,0.390
0.271,0.306
0.245,0.136
0.255,0.038
0.374,0.000
0.449,0.000
0.524,0.000
0.552,0.000
0.623,0.000
0.666,0.000
0.626,0.000
0.565,0.000
0.528,0.000
0.414,0.000
0.410,0.000
0.456,0.000
0.505,0.000
0.468,0.033
0.539,0.158
0.538,0.243
0.553,0.284
0.613,0.313
0.638,0.244
0.606,0.300
0.538,0.365
0.462,0.336
0.428,0.242
0.415,0.071
0.431,0.001
0.413,0.000
0.373,0.000
0.362,0.000
0.366,0.000
0.350,0.000
0.323,0.000
0.298,0.000
0.276,0.000
0.228,0.000
0.170,0.000
0.106,0.000
0.067,0.000
0.092,0.018
0.151,0.076
0.238,0.306
0.402,0.525
0.484,0.635
0.536,0.666
0.588,0.645
0.584,0.580
0.483,0.460
0.407,0.298
0.374,0.089
0.360,0.001
0.388,0.000
0.500,0.000
0.574,0.000
0.639,0.000
0.661,0.000
0.642,0.000
0.607,0.000
0.573,0.000
0.502,0.000
0.448,0.000
0.327,0.000
0.258,0.000
0.178,0.008
0.120,0.048
0.110,0.101
0.127,0.149
0.130,0.236
0.136,0.268
0.126,0.239
0.114,0.127
0.074,0.061
0.029,0.026
0.024,0.004
0.061,0.000
0.122,0.000
0.173,0.000
0.207,0.000
0.260,0.000
0.305,0.000
0.365,0.000
0.384,0.000
0.403,0.000
0.384,0.000
0.353,0.000
0.374,0.000
0.375,0.000
0.339,0.053
0.278,0.179
0.274,0.305
0.241,0.461
0.232,0.567
0.244,0.606
0.257,0.600
0.271,0.544
0.281,0.431
0.272,0.299
0.231,0.093
0.231,0.001
0.260,0.000
0.260,0.000
0.235,0.000
0.187,0.000
0.126,0.000
0.086,0.000
0.067,0.000
0.043,0.000
0.020,0.000
0.008,0.000
0.015,0.000
0.041,0.000
0.108,0.001
0.164,0.013
0.188,0.021
0.187,0.038
0.216,0.064
0.261,0.123
0.345,0.213
0.463,0.239
0.570,0.242
0.654,0.165
0.663,0.042
0.678,0.000
0.701,0.000
0.628,0.000
0.577,0.000
0.533,0.000
0.529,0.000
0.556,0.000
0.567,0.000
0.607,0.000
0.671,0.000
0.676,0.000
0.678,0.000
0.659,0.000
0.648,0.030
0.626,0.140
0.671,0.235
0.654,0.298
0.603,0.406
0.564,0.601
0.540,0.609
0.527,0.577
0.512,0.455
0.478,0.308
0.421,0.110
0.374,0.000
0.340,0.000
0.303,0.000
0.276,0.000
0.256,0.000
0.243,0.000
0.238,0.000
0.225,0.000
0.201,0.000
0.176,0.000
0.150,0.000
0.131,0.000
0.114,0.000
0.094,0.037
0.066,0.189
0.051,0.407
0.046,0.541
0.032,0.490
0.014,0.373
0.005,0.275
0.010,0.269
0.019,0.228
0.011,0.164
0.004,0.060
0.012,0.000
0.040,0.000
0.093,0.000
0.145,0.000
0.192,0.000
0.237,0.000
0.271,0.000
0.307,0.000
0.341,0.000
0.398,0.000
0.451,0.000
0.508,0.000
0.618,0.000
0.700,0.007
0.759,0.020
0.872,0.066
0.936,0.146
0.961,0.252
0.970,0.359
0.969,0.332
0.946,0.279
0.896,0.308
0.858,0.086
0.868,0.022
0.866,0.000
0.869,0.000
0.873,0.000
0.863,0.000
0.868,0.000
0.873,0.000
0.883,0.000
0.902,0.000
0.919,0.000
0.913,0.000
0.886,0.000
0.802,0.000
0.580,0.000
0.294,0.024
0.167,0.109
0.170,0.219
0.223,0.257
0.288,0.243
0.226,0.379
0.196,0.374
0.171,0.307
0.133,0.135
0.107,0.077
0.086,0.023
0.128,0.000
0.203,0.000
0.230,0.000
0.245,0.000
0.264,0.000
0.283,0.000
0.306,0.000
0.325,0.000
0.339,0.000
0.350,0.000
0.371,0.000
0.386,0.000
0.405,0.000
0.452,0.008
0.471,0.048
0.486,0.060
0.529,0.054
0.612,0.115
0.618,0.285
0.550,0.498
0.407,0.578
0.250,0.460
0.234,0.288
0.235,0.092
0.272,0.000
0.263,0.000
0.269,0.000
0.320,0.000
0.344,0.000
0.338,0.000
0.360,0.000
0.403,0.000
0.416,0.000
0.415,0.000
0.481,0.000
0.521,0.000
0.521,0.000
0.469,0.031
0.364,0.144
0.308,0.251
0.314,0.312
0.181,0.319
0.079,0.267
0.102,0.120
0.155,0.103
0.063,0.083
0.084,0.051
0.139,0.005
0.216,0.000
0.327,0.000
0.469,0.000
0.575,0.000
0.692,0.000
0.795,0.000
0.916,0.000
0.944,0.000
0.938,0.000
0.903,0.000
0.818,0.000
0.698,0.000
0.653,0.000
0.578,0.037
0.517,0.212
0.542,0.354
0.634,0.391
0.760,0.448
0.810,0.543
0.828,0.587
0.839,0.564
0.838,0.448
0.803,0.280
0.777,0.089
0.771,0.000
0.762,0.000
0.747,0.000
0.753,0.000
0.764,0.000
0.771,0.000
0.793,0.000
0.797,0.000
0.797,0.000
0.801,0.000
0.793,0.000
0.796,0.000
0.813,0.000
0.826,0.017
0.838,0.156
0.866,0.315
0.908,0.469
0.919,0.501
0.898,0.425
0.873,0.371
0.862,0.242
0.849,0.228
0.822,0.191
0.797,0.049
0.781,0.000
0.762,0.000
0.752,0.000
0.742,0.000
0.745,0.000
0.738,0.000
0.731,0.000
0.723,0.000
0.715,0.000
0.687,0.000
0.626,0.000
0.566,0.000
0.527,0.000
0.474,0.007
0.462,0.060
0.507,0.145
0.573,0.278
0.633,0.296
0.684,0.229
0.721,0.265
0.715,0.336
0.694,0.248
0.696,0.164
0.709,0.038
0.726,0.000
0.729,0.000
0.723,0.000
0.694,0.000
0.657,0.000
0.640,0.000
0.622,0.000
0.595,0.000
0.560,0.000
0.506,0.000
0.444,0.000
0.380,0.000
0.365,0.000
0.331,0.001
0.334,0.035
0.405,0.139
0.608,0.271
0.711,0.405
0.814,0.444
0.854,0.405
0.857,0.356
0.854,0.248
0.850,0.104
0.844,0.019
0.841,0.000
0.842,0.000
0.843,0.000
0.845,0.000
0.842,0.000
0.818,0.000
0.775,0.000
0.722,0.000
0.657,0.000
0.619,0.000
0.557,0.000
0.496,0.000
0.536,0.000
0.547,0.009
0.558,0.065
0.610,0.121
0.672,0.215
0.747,0.330
0.785,0.404
0.794,0.365
0.786,0.276
0.731,0.153
0.660,0.072
0.581,0.017
0.503,0.000
0.425,0.000
0.383,0.000
0.362,0.000
0.345,0.000
0.319,0.000
0.297,0.000
0.284,0.000
0.276,0.000
0.248,0.000
0.214,0.000
0.189,0.000
0.179,0.000
0.190,0.004
0.207,0.066
0.193,0.187
0.202,0.307
0.232,0.492
0.225,0.587
0.243,0.525
0.265,0.377
0.212,0.259
0.148,0.135
0.156,0.028
0.164,0.000
0.153,0.000
0.136,0.000
0.127,0.000
0.127,0.000
0.126,0.000
0.119,0.000
0.098,0.000
0.077,0.000
0.059,0.000
0.053,0.000
0.055,0.000
0.057,0.000
0.054,0.003
0.050,0.057
0.033,0.107
0.022,0.185
0.019,0.316
0.019,0.288
0.026,0.264
0.046,0.241
0.079,0.193
0.095,0.090
0.125,0.015
0.156,0.000
0.169,0.000
0.183,0.000
0.199,0.000
0.162,0.000
0.142,0.000
0.113,0.000
0.087,0.000
0.069,0.000
0.061,0.000
0.074,0.000
0.091,0.000
0.116,0.000
0.157,0.000
0.191,0.010
0.209,0.032
0.212,0.064
0.188,0.094
0.181,0.104
0.158,0.093
0.148,0.098
0.159,0.078
0.189,0.041
0.221,0.006
0.252,0.000
0.276,0.000
0.277,0.000
0.294,0.000
0.316,0.000
0.330,0.000
0.330,0.000
0.331,0.000
0.332,0.000
0.341,0.000
0.319,0.000
0.287,0.000
0.286,0.000
0.278,0.000
0.252,0.010
0.235,0.031
0.251,0.083
0.322,0.211
0.389,0.304
0.427,0.278
0.456,0.153
0.510,0.061
0.575,0.017
0.635,0.000
0.664,0.000
0.669,0.000
0.676,0.000
0.642,0.000
0.536,0.000
0.314,0.000
0.316,0.000
0.391,0.000
0.451,0.000
0.440,0.000
0.447,0.000
0.441,0.000
0.416,0.000
0.400,0.004
0.342,0.097
0.284,0.237
0.362,0.333
0.444,0.432
0.454,0.381
0.459,0.320
0.431,0.318
0.392,0.253
0.392,0.098
0.462,0.015
0.529,0.000
0.575,0.000
0.583,0.000
0.560,0.000
0.580,0.000
0.572,0.000
0.560,0.000
0.556,0.000
0.549,0.000
0.537,0.000
0.527,0.000
0.527,0.000
0.510,0.000
0.506,0.000
0.545,0.009
0.538,0.035
0.550,0.090
0.560,0.123
0.558,0.106
0.509,0.095
0.442,0.144
0.405,0.113
0.401,0.053
0.407,0.004
0.388,0.000
0.341,0.000
0.315,0.000
0.310,0.000
0.292,0.000
0.278,0.000
0.276,0.000
0.257,0.000
0.234,0.000
0.221,0.000
0.181,0.000
0.158,0.000
0.139,0.000
0.114,0.000
0.085,0.027
0.067,0.077
0.060,0.101
0.067,0.108
0.079,0.135
0.095,0.143
0.117,0.237
0.144,0.196
0.188,0.083
0.232,0.008
0.252,0.000
0.250,0.000
0.246,0.000
0.242,0.000
0.241,0.000
0.254,0.000
0.266,0.000
0.280,0.000
0.299,0.000
0.305,0.000
0.319,0.000
0.344,0.000
0.431,0.000
0.479,0.000
0.481,0.031
0.462,0.074
0.447,0.141
0.504,0.260
0.539,0.410
0.520,0.464
0.504,0.415
0.463,0.286
0.399,0.155
0.411,0.021
0.449,0.000
0.471,0.000
0.499,0.000
0.529,0.000
0.548,0.000
0.551,0.000
0.557,0.000
0.529,0.000
0.507,0.000
0.494,0.000
0.490,0.000
0.496,0.000
0.503,0.000
0.508,0.001
0.471,0.083
0.439,0.243
0.461,0.467
0.509,0.557
0.504,0.546
0.493,0.515
0.462,0.483
0.386,0.357
0.348,0.160
0.341,0.020
0.331,0.000
0.300,0.000
0.262,0.000
0.243,0.000
0.248,0.000
0.212,0.000
0.169,0.000
0.167,0.000
0.157,0.000
0.118,0.000
0.092,0.000
0.059,0.000
0.045,0.000
0.033,0.001
0.017,0.063
0.014,0.103
0.020,0.149
0.031,0.171
0.047,0.236
0.072,0.303
0.103,0.256
0.124,0.193
0.141,0.138
0.173,0.014
0.205,0.000
0.249,0.000
0.296,0.000
0.339,0.000
0.368,0.000
0.371,0.000
0.363,0.000
0.359,0.000
0.365,0.000
0.360,0.000
0.351,0.000
0.353,0.000
0.368,0.000
0.369,0.000
0.362,0.023
0.379,0.088
0.401,0.162
0.499,0.196
0.573,0.205
0.581,0.151
0.572,0.165
0.543,0.094
0.563,0.030
0.575,0.000
0.548,0.000
0.533,0.000
0.523,0.000
0.536,0.000
0.551,0.000
0.578,0.000
0.590,0.000
0.610,0.000
0.665,0.000
0.681,0.000
0.739,0.000
0.775,0.000
0.785,0.000
0.779,0.000
0.790,0.013
0.799,0.023
0.818,0.031
0.814,0.037
0.790,0.059
0.752,0.091
0.722,0.110
0.700,0.101
0.676,0.071
0.618,0.008
0.527,0.000
0.560,0.000
0.526,0.000
0.512,0.000
0.471,0.000
0.451,0.000
0.428,0.000
0.419,0.000
0.369,0.000
0.321,0.000
0.294,0.000
0.283,0.000
0.332,0.000
0.350,0.000
0.348,0.051
0.330,0.130
0.341,0.184
0.389,0.185
0.425,0.238
0.412,0.142
0.374,0.099
0.297,0.062
0.248,0.034
0.239,0.001
0.217,0.000
0.158,0.000
0.113,0.000
0.084,0.000
0.067,0.000
0.053,0.000
0.040,0.000
0.039,0.000
0.057,0.000
0.070,0.000
0.082,0.000
0.085,0.000
0.070,0.000
0.055,0.000
0.046,0.006
0.039,0.029
0.027,0.058
0.018,0.069
0.013,0.076
0.012,0.085
0.015,0.060
0.022,0.034
0.044,0.015
0.075,0.000
0.085,0.000
0.087,0.000
0.101,0.000
0.121,0.000
0.128,0.000
0.123,0.000
0.122,0.000
0.129,0.000
0.139,0.000
0.136,0.000
0.129,0.000
0.115,0.000
0.119,0.000
0.149,0.000
0.199,0.065
0.218,0.219
0.207,0.340
0.345,0.419
0.469,0.455
0.546,0.399
0.557,0.314
0.528,0.236
0.529,0.129
0.512,0.008
0.502,0.000
0.492,0.000
0.515,0.000
0.501,0.000
0.483,0.000
0.498,0.000
0.533,0.000
0.545,0.000
0.555,0.000
0.550,0.000
0.519,0.000
0.479,0.000
0.438,0.000
0.403,0.000
0.346,0.111
0.257,0.300
0.182,0.417
0.209,0.538
0.214,0.553
0.199,0.512
0.176,0.462
0.141,0.344
0.134,0.154
0.150,0.005
0.162,0.000
0.175,0.000
0.184,0.000
0.190,0.000
0.184,0.000
0.168,0.000
0.157,0.000
0.156,0.000
0.158,0.000
0.167,0.000
0.175,0.000
0.177,0.000
0.174,0.000
0.178,0.000
0.188,0.019
0.172,0.101
0.123,0.242
0.220,0.285
0.288,0.260
0.314,0.160
0.320,0.110
0.288,0.073
0.270,0.045
0.328,0.002
0.352,0.000
0.356,0.000
0.350,0.000
0.345,0.000
0.345,0.000
0.347,0.000
0.360,0.000
0.382,0.000
0.393,0.000
0.418,0.000
0.433,0.000
0.437,0.000
0.468,0.000
0.477,0.000
0.435,0.042
0.396,0.175
0.395,0.305
0.524,0.390
0.571,0.418
0.557,0.409
0.507,0.376
0.415,0.261
0.401,0.095
0.459,0.001
0.462,0.000
0.436,0.000
0.448,0.000
0.464,0.000
0.466,0.000
0.481,0.000
0.486,0.000
0.492,0.000
0.520,0.000
0.504,0.000
0.466,0.000
0.448,0.000
0.456,0.000
0.447,0.000
0.477,0.007
0.484,0.031
0.536,0.067
0.674,0.076
0.748,0.079
0.749,0.077
0.742,0.073
0.713,0.051
0.668,0.012
0.611,0.000
0.529,0.000
0.456,0.000
0.455,0.000
0.542,0.000
0.565,0.000
0.508,0.000
0.386,0.000
0.350,0.000
0.324,0.000
0.308,0.000
0.313,0.000
0.329,0.000
0.359,0.000
0.354,0.000
0.316,0.002
0.333,0.012
0.319,0.026
0.346,0.045
0.321,0.057
0.316,0.105
0.354,0.171
0.401,0.083
0.397,0.015
0.405,0.000
0.417,0.000
0.377,0.000
0.382,0.000
0.376,0.000
0.347,0.000
0.339,0.000
0.359,0.000
0.377,0.000
0.368,0.000
0.380,0.000
0.351,0.000
0.314,0.000
0.271,0.000
0.250,0.000
0.224,0.005
0.205,0.053
0.195,0.116
0.201,0.134
0.176,0.098
0.136,0.066
0.095,0.052
0.068,0.029
0.115,0.010
0.221,0.000
0.291,0.000
0.315,0.000
0.297,0.000
0.240,0.000
0.214,0.000
0.283,0.000
0.259,0.000
0.255,0.000
0.268,0.000
0.283,0.000
0.232,0.000
0.181,0.000
0.142,0.000
0.153,0.000
0.225,0.001
0.255,0.026
0.254,0.062
0.257,0.139
0.256,0.189
0.269,0.242
0.339,0.252
0.305,0.138
0.239,0.037
0.179,0.000
0.151,0.000
0.111,0.000
0.094,0.000
0.094,0.000
0.107,0.000
0.113,0.000
0.098,0.000
0.066,0.000
0.032,0.000
0.014,0.000
0.013,0.000
0.013,0.000
0.011,0.000
0.007,0.000
0.004,0.005
0.008,0.053
0.016,0.128
0.017,0.243
0.020,0.372
0.027,0.329
0.035,0.141
0.041,0.037
0.046,0.007
0.058,0.000
0.060,0.000
0.054,0.000
0.050,0.000
0.042,0.000
0.031,0.000
0.029,0.000
0.046,0.000
0.074,0.000
0.111,0.000
0.139,0.000
0.158,0.000
0.188,0.000
0.248,0.000
0.320,0.000
0.367,0.010
0.384,0.095
0.425,0.239
0.459,0.310
0.533,0.357
0.578,0.333
0.577,0.290
0.603,0.195
0.624,0.088
0.643,0.000
0.659,0.000
0.671,0.000
0.683,0.000
0.693,0.000
0.666,0.000
0.588,0.000
0.527,0.000
0.514,0.000
0.520,0.000
0.499,0.000
0.480,0.000
0.451,0.000
0.434,0.000
0.425,0.000
0.399,0.022
0.301,0.135
0.222,0.289
0.209,0.381
0.186,0.492
0.186,0.453
0.175,0.430
0.152,0.270
0.162,0.071
0.166,0.000
0.146,0.000
0.116,0.000
0.085,0.000
0.062,0.000
0.045,0.000
0.034,0.000
0.041,0.000
0.044,0.000
0.026,0.000
0.018,0.000
0.016,0.000
0.021,0.000
0.026,0.000
0.025,0.000
0.022,0.007
0.033,0.032
0.052,0.042
0.079,0.037
0.105,0.141
0.129,0.242
0.145,0.316
0.148,0.150
0.152,0.030
0.159,0.000
0.153,0.000
0.137,0.000
0.130,0.000
0.121,0.000
0.113,0.000
0.128,0.000
0.149,0.000
0.188,0.000
0.233,0.000
0.268,0.000
0.305,0.000
0.336,0.000
0.387,0.000
0.417,0.000
0.428,0.008
0.389,0.116
0.359,0.290
0.374,0.335
0.361,0.295
0.347,0.273
0.316,0.228
0.289,0.117
0.299,0.048
0.339,0.000
0.348,0.000
0.374,0.000
0.395,0.000
0.385,0.000
0.379,0.000
0.374,0.000
0.365,0.000
0.348,0.000
0.313,0.000
0.272,0.000
0.223,0.000
0.166,0.000
0.118,0.000
0.084,0.000
0.068,0.013
0.061,0.084
0.042,0.158
0.046,0.254
0.039,0.290
0.039,0.299
0.051,0.161
0.081,0.063
0.145,0.015
0.233,0.000
0.326,0.000
0.376,0.000
0.386,0.000
0.428,0.000
0.469,0.000
0.560,0.000
0.661,0.000
0.671,0.000
0.635,0.000
0.552,0.000
0.284,0.000
0.121,0.000
0.120,0.000
0.273,0.000
0.522,0.006
0.630,0.058
0.673,0.125
0.678,0.154
0.677,0.190
0.696,0.326
0.706,0.286
0.696,0.139
0.694,0.027
0.653,0.000
0.550,0.000
0.431,0.000
0.322,0.000
0.226,0.000
0.147,0.000
0.096,0.000
0.068,0.000
0.045,0.000
0.032,0.000
0.032,0.000
0.035,0.000
0.038,0.000
0.058,0.000
0.093,0.000
0.125,0.010
0.156,0.143
0.130,0.308
0.155,0.278
0.212,0.107
0.232,0.042
0.400,0.025
0.497,0.017
0.657,0.000
0.731,0.000
0.749,0.000
0.745,0.000
0.626,0.000
0.590,0.000
0.866,0.000
0.904,0.000
0.921,0.000
0.929,0.000
0.938,0.000
0.942,0.000
0.929,0.000
0.911,0.000
0.876,0.000
0.843,0.000
0.826,0.009
0.794,0.076
0.754,0.125
0.734,0.126
0.738,0.157
0.752,0.165
0.750,0.150
0.725,0.108
0.698,0.029
0.715,0.000
0.750,0.000
0.723,0.000
0.711,0.000
0.760,0.000
0.781,0.000
0.797,0.000
0.822,0.000
0.838,0.000
0.852,0.000
0.862,0.000
0.865,0.000
0.864,0.000
0.854,0.000
0.820,0.000
0.786,0.023
0.739,0.180
0.694,0.328
0.667,0.403
0.630,0.448
0.585,0.459
0.548,0.411
0.532,0.265
0.557,0.071
0.550,0.000
0.549,0.000
0.532,0.000
0.492,0.000
0.456,0.000
0.408,0.000
0.339,0.000
0.295,0.000
0.280,0.000
0.265,0.000
0.235,0.000
0.214,0.000
0.217,0.000
0.234,0.000
0.262,0.000
0.297,0.000
0.307,0.007
0.307,0.026
0.325,0.048
0.293,0.061
0.273,0.054
0.253,0.051
0.291,0.029
0.334,0.006
0.427,0.000
0.524,0.000
0.633,0.000
0.673,0.000
0.676,0.000
0.681,0.000
0.653,0.000
0.633,0.000
0.592,0.000
0.584,0.000
0.586,0.000
0.590,0.000
0.578,0.000
0.585,0.000
0.585,0.000
0.593,0.020
0.573,0.184
0.502,0.353
0.490,0.439
0.547,0.426
0.552,0.362
0.545,0.261
0.560,0.142
0.574,0.032
0.532,0.000
0.536,0.000
0.541,0.000
0.538,0.000
0.538,0.000
0.539,0.000
0.553,0.000
0.599,0.000
0.622,0.000
0.628,0.000
0.610,0.000
0.595,0.000
0.581,0.000
0.552,0.000
0.553,0.000
0.540,0.019
0.473,0.184
0.374,0.390
0.328,0.507
0.385,0.559
0.364,0.553
0.322,0.480
0.287,0.329
0.306,0.109
0.333,0.000
0.326,0.000
0.290,0.000
0.235,0.000
0.186,0.000
0.148,0.000
0.117,0.000
0.094,0.000
0.084,0.000
0.081,0.000
0.077,0.000
0.082,0.000
0.090,0.000
0.079,0.000
0.062,0.000
0.054,0.001
0.043,0.017
0.032,0.029
0.027,0.058
0.034,0.116
0.041,0.109
0.041,0.095
0.040,0.056
0.040,0.011
0.039,0.000
0.039,0.000
0.040,0.000
0.045,0.000
0.055,0.000
0.066,0.000
0.076,0.000
0.076,0.000
0.082,0.000
0.130,0.000
0.244,0.000
0.370,0.000
0.498,0.000
0.549,0.000
0.503,0.000
0.477,0.005
0.427,0.108
0.343,0.240
0.330,0.358
0.305,0.384
0.283,0.371
0.316,0.327
0.358,0.221
0.380,0.058
0.377,0.000
0.344,0.000
0.305,0.000
0.254,0.000
0.196,0.000
0.151,0.000
0.102,0.000
0.061,0.000
0.038,0.000
0.025,0.000
0.013,0.000
0.018,0.000
0.031,0.000
0.042,0.000
0.061,0.000
0.074,0.000
0.090,0.016
0.111,0.036
0.150,0.068
0.180,0.079
0.205,0.088
0.221,0.090
0.250,0.034
0.298,0.002
0.339,0.000
0.365,0.000
0.380,0.000
0.390,0.000
0.456,0.000
0.479,0.000
0.541,0.000
0.565,0.000
0.550,0.000
0.531,0.000
0.546,0.000
0.568,0.000
0.622,0.000
0.681,0.000
0.713,0.000
0.792,0.001
0.741,0.046
0.639,0.110
0.453,0.135
0.294,0.152
0.225,0.122
0.228,0.108
0.246,0.059
0.276,0.007
0.308,0.000
0.352,0.000
0.389,0.000
0.407,0.000
0.383,0.000
0.355,0.000
0.344,0.000
0.313,0.000
0.306,0.000
0.313,0.000
0.328,0.000
0.366,0.000
0.374,0.000
0.415,0.000
0.481,0.000
0.536,0.000
0.520,0.038
0.555,0.085
0.600,0.141
0.598,0.134
0.577,0.097
0.596,0.062
0.664,0.037
0.738,0.006
0.769,0.000
0.832,0.000
0.855,0.000
0.839,0.000
0.812,0.000
0.788,0.000
0.755,0.000
0.723,0.000
0.709,0.000
0.704,0.000
0.692,0.000
0.678,0.000
0.661,0.000
0.606,0.000
0.601,0.000
0.618,0.000
0.586,0.019
0.579,0.052
0.541,0.078
0.532,0.076
0.529,0.060
0.519,0.040
0.536,0.021
0.551,0.002
0.540,0.000
0.496,0.000
0.462,0.000
0.438,0.000
0.410,0.000
0.355,0.000
0.341,0.000
0.348,0.000
0.347,0.000
0.401,0.000
0.411,0.000
0.401,0.000
0.395,0.000
0.390,0.000
0.399,0.000
0.365,0.000
0.328,0.036
0.333,0.114
0.308,0.160
0.280,0.180
0.262,0.192
0.240,0.116
0.215,0.056
0.197,0.006
0.198,0.000
0.206,0.000
0.208,0.000
0.227,0.000
0.235,0.000
0.244,0.000
0.252,0.000
0.254,0.000
0.253,0.000
0.268,0.000
0.260,0.000
0.238,0.000
0.223,0.000
0.228,0.000
0.261,0.000
0.282,0.000
0.312,0.061
0.265,0.171
0.215,0.258
0.205,0.310
0.209,0.340
0.237,0.266
0.201,0.136
0.188,0.017
0.176,0.000
0.154,0.000
0.138,0.000
0.122,0.000
0.095,0.000
0.067,0.000
0.048,0.000
0.040,0.000
0.035,0.000
0.037,0.000
0.037,0.000
0.036,0.000
0.040,0.000
0.052,0.000
0.075,0.000
0.099,0.000
0.116,0.006
0.117,0.024
0.113,0.039
0.105,0.044
0.117,0.037
0.123,0.019
0.143,0.004
0.188,0.000
0.221,0.000
0.247,0.000
0.273,0.000
0.293,0.000
0.327,0.000
0.339,0.000
0.342,0.000
0.348,0.000
0.347,0.000
0.356,0.000
0.430,0.000
0.493,0.000
0.488,0.000
0.437,0.000
0.407,0.000
0.385,0.000
0.362,0.025
0.308,0.050
0.258,0.090
0.170,0.107
0.130,0.106
0.105,0.075
0.095,0.033
0.093,0.002
0.079,0.000
0.073,0.000
0.076,0.000
0.075,0.000
0.075,0.000
0.079,0.000
0.086,0.000
0.098,0.000
0.119,0.000
0.145,0.000
0.166,0.000
0.174,0.000
0.187,0.000
0.218,0.000
0.286,0.000
0.368,0.000
0.532,0.004
0.667,0.025
0.786,0.049
0.844,0.056
0.802,0.045
0.697,0.025
0.593,0.010
0.527,0.000
0.456,0.000
0.385,0.000
0.380,0.000
0.338,0.000
0.300,0.000
0.259,0.000
0.236,0.000
0.239,0.000
0.230,0.000
0.232,0.000
0.238,0.000
0.227,0.000
0.208,0.000
0.201,0.000
0.206,0.000
0.199,0.000
0.174,0.026
0.131,0.081
0.113,0.096
0.108,0.107
0.112,0.074
0.113,0.040
0.137,0.016
0.170,0.000
0.188,0.000
0.187,0.000
0.188,0.000
0.196,0.000
0.204,0.000
0.210,0.000
0.213,0.000
0.205,0.000
0.201,0.000
0.199,0.000
0.193,0.000
0.191,0.000
0.207,0.000
0.248,0.000
0.289,0.000
0.319,0.000
0.337,0.025
0.321,0.070
0.320,0.107
0.288,0.120
0.272,0.101
0.245,0.067
0.261,0.028
0.286,0.001
0.281,0.000
0.278,0.000
0.273,0.000
0.254,0.000
0.223,0.000
0.188,0.000
0.161,0.000
0.141,0.000
0.124,0.000
0.111,0.000
0.100,0.000
0.094,0.000
0.090,0.000
0.090,0.000
0.093,0.000
0.100,0.000
0.112,0.032
0.110,0.092
0.091,0.167
0.079,0.256
0.085,0.275
0.111,0.217
0.168,0.105
0.248,0.007
0.325,0.000
0.368,0.000
0.385,0.000
0.392,0.000
0.420,0.000
0.440,0.000
0.453,0.000
0.469,0.000
0.488,0.000
0.490,0.000
0.475,0.000
0.467,0.000
0.462,0.000
0.462,0.000
0.477,0.000
0.490,0.000
0.452,0.027
0.385,0.090
0.326,0.157
0.278,0.178
0.244,0.149
0.221,0.103
0.254,0.037
0.283,0.001
0.289,0.000
0.286,0.000
0.273,0.000
0.236,0.000
0.184,0.000
0.151,0.000
0.142,0.000
0.143,0.000
0.141,0.000
0.151,0.000
0.162,0.000
0.169,0.000
0.169,0.000
0.174,0.000
0.197,0.000
0.189,0.000
0.141,0.055
0.114,0.142
0.097,0.420
0.084,0.494
0.085,0.470
0.117,0.375
0.139,0.187
0.153,0.017
0.141,0.000
0.118,0.000
0.097,0.000
0.078,0.000
0.059,0.000
0.048,0.000
0.047,0.000
0.073,0.000
0.132,0.000
0.189,0.000
0.213,0.000
0.193,0.000
0.179,0.000
0.189,0.000
0.218,0.000
0.238,0.000
0.223,0.054
0.212,0.238
0.212,0.407
0.186,0.488
0.158,0.479
0.160,0.394
0.185,0.232
0.221,0.020
0.229,0.000
0.221,0.000
0.217,0.000
0.230,0.000
0.262,0.000
0.283,0.000
0.296,0.000
0.305,0.000
0.311,0.000
0.314,0.000
0.299,0.000
0.291,0.000
0.310,0.000
0.319,0.000
0.345,0.000
0.379,0.000
0.399,0.084
0.425,0.257
0.455,0.360
0.490,0.382
0.526,0.374
0.566,0.282
0.608,0.115
0.653,0.002
0.680,0.000
0.665,0.000
0.652,0.000
0.656,0.000
0.662,0.000
0.682,0.000
0.710,0.000
0.719,0.000
0.682,0.000
0.663,0.000
0.624,0.000
0.565,0.000
0.538,0.000
0.483,0.000
0.481,0.000
0.420,0.000
0.362,0.048
0.350,0.219
0.320,0.395
0.298,0.476
0.306,0.469
0.437,0.371
0.486,0.200
0.515,0.012
0.553,0.000
0.562,0.000
0.573,0.000
0.578,0.000
0.575,0.000
0.607,0.000
0.616,0.000
0.618,0.000
0.615,0.000
0.537,0.000
0.490,0.000
0.488,0.000
0.532,0.000
0.602,0.000
0.671,0.000
0.782,0.000
0.945,0.000
0.898,0.013
0.892,0.034
0.898,0.050
0.920,0.074
0.932,0.051
0.936,0.015
0.946,0.000
0.928,0.000
0.886,0.000
0.834,0.000
0.772,0.000
0.739,0.000
0.703,0.000
0.680,0.000
0.660,0.000
0.694,0.000
0.712,0.000
0.690,0.000
0.670,0.000
0.684,0.000
0.719,0.000
0.676,0.000
0.661,0.000
0.668,0.018
0.684,0.058
0.649,0.182
0.683,0.308
0.657,0.298
0.653,0.237
0.693,0.065
0.691,0.003
0.645,0.000
0.603,0.000
0.581,0.000
0.565,0.000
0.529,0.000
0.490,0.000
0.481,0.000
0.435,0.000
0.418,0.000
0.444,0.000
0.400,0.000
0.357,0.000
0.350,0.000
0.354,0.000
0.392,0.000
0.494,0.000
0.575,0.066
0.649,0.208
0.738,0.222
0.752,0.144
0.786,0.080
0.809,0.031
0.835,0.008
0.868,0.000
0.910,0.000
0.946,0.000
0.946,0.000
0.953,0.000
0.957,0.000
0.975,0.000
0.971,0.000
0.964,0.000
0.943,0.000
0.910,0.000
0.900,0.000
0.909,0.000
0.914,0.000
0.924,0.000
0.938,0.000
0.946,0.000
0.950,0.011
0.961,0.069
0.973,0.078
0.979,0.075
0.977,0.047
0.966,0.042
0.939,0.015
0.886,0.000
0.786,0.000
0.863,0.000
0.935,0.000
0.967,0.000
0.983,0.000
0.988,0.000
0.988,0.000
0.979,0.000
0.954,0.000
0.909,0.000
0.822,0.000
0.766,0.000
0.747,0.000
0.646,0.000
0.524,0.000
0.466,0.000
0.382,0.092
0.280,0.279
0.188,0.385
0.132,0.392
0.111,0.350
0.153,0.316
0.262,0.161
0.338,0.005
0.314,0.000
0.297,0.000
0.381,0.000
0.476,0.000
0.554,0.000
0.669,0.000
0.813,0.000
0.886,0.000
0.926,0.000
0.948,0.000
0.933,0.000
0.922,0.000
0.942,0.000
0.960,0.000
0.983,0.000
0.988,0.000
0.981,0.000
0.959,0.017
0.946,0.028
0.887,0.028
0.731,0.025
0.752,0.038
0.772,0.021
0.804,0.000
0.830,0.000
0.881,0.000
0.878,0.000
0.853,0.000
0.818,0.000
0.769,0.000
0.752,0.000
0.719,0.000
0.719,0.000
0.694,0.000
0.644,0.000
0.536,0.000
0.428,0.000
0.284,0.000
0.305,0.000
0.380,0.000
0.420,0.011
0.462,0.045
0.492,0.085
0.520,0.114
0.554,0.111
0.568,0.082
0.584,0.041
0.545,0.000
0.493,0.000
0.437,0.000
0.407,0.000
0.377,0.000
0.357,0.000
0.341,0.000
0.326,0.000
0.316,0.000
0.292,0.000
0.303,0.000
0.328,0.000
0.350,0.000
0.311,0.000
0.215,0.000
0.145,0.000
0.112,0.000
0.111,0.006
0.147,0.052
0.203,0.071
0.247,0.167
0.262,0.182
0.307,0.109
0.267,0.064
0.248,0.000
0.321,0.000
0.506,0.000
0.646,0.000
0.694,0.000
0.772,0.000
0.847,0.000
0.872,0.000
0.898,0.000
0.916,0.000
0.932,0.000
0.948,0.000
0.956,0.000
0.954,0.000
0.939,0.000
0.917,0.000
0.901,0.000
0.871,0.021
0.831,0.078
0.806,0.189
0.781,0.177
0.760,0.140
0.731,0.090
0.695,0.028
0.656,0.000
0.616,0.000
0.621,0.000
0.640,0.000
0.634,0.000
0.649,0.000
0.707,0.000
0.740,0.000
0.808,0.000
0.861,0.000
0.863,0.000
0.849,0.000
0.864,0.000
0.897,0.000
0.893,0.000
0.860,0.000
0.818,0.000
0.808,0.057
0.856,0.226
0.909,0.322
0.906,0.169
0.871,0.060
0.798,0.031
0.688,0.006
0.578,0.000
0.395,0.000
0.326,0.000
0.321,0.000
0.385,0.000
0.466,0.000
0.520,0.000
0.478,0.000
0.404,0.000
0.367,0.000
0.316,0.000
0.304,0.000
0.359,0.000
0.380,0.000
0.367,0.000
0.345,0.000
0.302,0.000
0.257,0.002
0.189,0.023
0.126,0.052
0.102,0.105
0.111,0.143
0.127,0.130
0.138,0.058
0.141,0.000
0.122,0.000
0.092,0.000
0.062,0.000
0.031,0.000
0.033,0.000
0.070,0.000
0.113,0.000
0.139,0.000
0.197,0.000
0.308,0.000
0.459,0.000
0.553,0.000
0.584,0.000
0.565,0.000
0.601,0.000
0.607,0.000
0.633,0.039
0.595,0.126
0.563,0.192
0.536,0.227
0.516,0.222
0.512,0.197
0.502,0.094
0.496,0.001
0.462,0.000
0.471,0.000
0.435,0.000
0.459,0.000
0.464,0.000
0.438,0.000
0.396,0.000
0.336,0.000
0.297,0.000
0.303,0.000
0.310,0.000
0.297,0.000
0.263,0.000
0.221,0.000
0.172,0.000
0.127,0.000
0.091,0.014
0.077,0.062
0.083,0.106
0.096,0.122
0.098,0.114
0.095,0.089
0.086,0.026
0.088,0.000
0.110,0.000
0.114,0.000
0.115,0.000
0.133,0.000
0.149,0.000
0.158,0.000
0.185,0.000
0.214,0.000
0.238,0.000
0.283,0.000
0.332,0.000
0.369,0.000
0.404,0.000
0.469,0.000
0.605,0.000
0.696,0.000
0.760,0.000
0.843,0.008
0.913,0.024
0.906,0.031
0.873,0.021
0.885,0.013
0.959,0.017
0.986,0.000
0.987,0.000
0.978,0.000
0.965,0.000
0.953,0.000
0.950,0.000
0.955,0.000
0.956,0.000
0.953,0.000
0.952,0.000
0.933,0.000
0.903,0.000
0.876,0.000
0.820,0.000
0.663,0.000
0.508,0.000
0.469,0.000
0.392,0.002
0.376,0.014
0.314,0.095
0.235,0.199
0.222,0.171
0.265,0.112
0.288,0.065
0.268,0.000
0.219,0.000
0.141,0.000
0.078,0.000
0.042,0.000
0.021,0.000
0.011,0.000
0.039,0.000
0.097,0.000
0.155,0.000
0.219,0.000
0.258,0.000
0.268,0.000
0.252,0.000
0.225,0.000
0.209,0.000
0.226,0.000
0.230,0.040
0.214,0.145
0.195,0.198
0.179,0.210
0.143,0.141
0.127,0.055
0.118,0.014
0.119,0.000
0.123,0.000
0.113,0.000
0.099,0.000
0.090,0.000
0.078,0.000
0.075,0.000
0.076,0.000
0.075,0.000
0.073,0.000
0.071,0.000
0.071,0.000
0.070,0.000
0.068,0.000
0.074,0.000
0.080,0.000
0.090,0.000
0.100,0.010
0.087,0.042
0.063,0.060
0.044,0.079
0.033,0.069
0.028,0.035
0.021,0.012
0.015,0.000
0.010,0.000
0.009,0.000
0.018,0.000
0.035,0.000
0.058,0.000
0.082,0.000
0.110,0.000
0.148,0.000
0.195,0.000
0.223,0.000
0.235,0.000
0.235,0.000
0.261,0.000
0.244,0.000
0.289,0.000
0.303,0.000
0.291,0.013
0.268,0.050
0.252,0.120
0.271,0.200
0.297,0.189
0.360,0.085
0.423,0.036
0.426,0.000
0.453,0.000
0.471,0.000
0.471,0.000
0.508,0.000
0.590,0.000
0.655,0.000
0.655,0.000
0.641,0.000
0.663,0.000
0.681,0.000
0.694,0.000
0.717,0.000
0.717,0.000
0.704,0.000
0.699,0.000
0.707,0.000
0.712,0.038
0.673,0.076
0.631,0.079
0.590,0.062
0.514,0.059
0.425,0.063
0.345,0.018
0.313,0.000
0.280,0.000
0.260,0.000
0.225,0.000
0.173,0.000
0.132,0.000
0.100,0.000
0.104,0.000
0.105,0.000
0.104,0.000
0.127,0.000
0.139,0.000
0.124,0.000
0.085,0.000
0.045,0.000
0.028,0.000
0.082,0.000
0.151,0.015
0.208,0.060
0.245,0.109
0.268,0.156
0.308,0.283
0.400,0.234
0.486,0.087
0.548,0.001
0.570,0.000
0.532,0.000
0.503,0.000
0.496,0.000
0.515,0.000
0.533,0.000
0.524,0.000
0.520,0.000
0.506,0.000
0.469,0.000
0.401,0.000
0.307,0.000
0.209,0.000
0.124,0.000
0.067,0.000
0.030,0.000
0.007,0.003
0.007,0.017
0.032,0.034
0.071,0.047
0.124,0.049
0.207,0.028
0.313,0.010
0.405,0.000
0.558,0.000
0.633,0.000
0.667,0.000
0.671,0.000
0.694,0.000
0.694,0.000
0.723,0.000
0.762,0.000
0.832,0.000
0.886,0.000
0.934,0.000
0.954,0.000
0.951,0.000
0.924,0.000
0.862,0.000
0.736,0.000
0.567,0.009
0.508,0.015
0.447,0.028
0.381,0.007
0.299,0.010
0.278,0.011
0.293,0.004
0.266,0.000
0.237,0.000
0.215,0.000
0.191,0.000
0.151,0.000
0.195,0.000
0.291,0.000
0.353,0.000
0.383,0.000
0.440,0.000
0.504,0.000
0.581,0.000
0.577,0.000
0.567,0.000
0.539,0.000
0.560,0.000
0.578,0.000
0.613,0.021
0.674,0.106
0.676,0.139
0.685,0.105
0.665,0.105
0.644,0.083
0.618,0.026
0.598,0.000
0.548,0.000
0.556,0.000
0.537,0.000
0.551,0.000
0.594,0.000
0.600,0.000
0.629,0.000
0.652,0.000
0.677,0.000
0.712,0.000
0.714,0.000
0.705,0.000
0.738,0.000
0.763,0.000
0.766,0.000
0.798,0.000
0.806,0.004
0.800,0.013
0.803,0.023
0.775,0.037
0.749,0.065
0.751,0.053
0.735,0.027
0.731,0.000
0.733,0.000
0.821,0.000
0.814,0.000
0.789,0.000
0.801,0.000
0.837,0.000
0.848,0.000
0.839,0.000
0.821,0.000
0.818,0.000
0.818,0.000
0.806,0.000
0.787,0.000
0.782,0.000
0.775,0.000
0.769,0.000
0.766,0.018
0.762,0.030
0.753,0.048
0.742,0.121
0.736,0.221
0.731,0.199
0.714,0.087
0.695,0.001
0.659,0.000
0.587,0.000
0.524,0.000
0.483,0.000
0.465,0.000
0.442,0.000
0.450,0.000
0.365,0.000
0.311,0.000
0.286,0.000
0.266,0.000
0.283,0.000
0.293,0.000
0.334,0.000
0.296,0.000
0.253,0.000
0.196,0.008
0.157,0.029
0.146,0.041
0.159,0.039
0.183,0.028
0.226,0.014
0.212,0.003
0.218,0.000
0.218,0.000
0.223,0.000
0.221,0.000
0.228,0.000
0.250,0.000
0.263,0.000
0.252,0.000
0.228,0.000
0.202,0.000
0.187,0.000
0.183,0.000
0.200,0.000
0.246,0.000
0.294,0.000
0.319,0.000
0.316,0.000
0.270,0.017
0.226,0.072
0.175,0.114
0.110,0.144
0.064,0.112
0.048,0.057
0.085,0.020
0.158,0.000
0.221,0.000
0.249,0.000
0.258,0.000
0.247,0.000
0.231,0.000
0.212,0.000
0.195,0.000
